Project ID,State,District,MP Name,Project Name,Category,Cost (INR),Funds Released (INR),Sanction Date,Completion Status,Physical Completion (%),Implementing Agency,Vendor Name,Target Beneficiary,Latitude,Longitude
MPLAD-MA-2023-1001,Maharashtra,Pune,Prakash Patil,Establishment of digital computer lab with 15 workstations in public school in Pune,Education (School infrastructure/Libraries),1900000,1900000,2023-12-27,Completed,100,Thane District Collectorate,Siddharth Construction Group,General,19.67654,72.56082
MPLAD-MA-2026-1002,Maharashtra,Nashik,Prakash Patil,Provision of modern bio-toilets in public high school premises in Nashik,Sanitation & Public Health,1700000,0,2026-03-31,Sanctioned but not started,0,PWD Pune Division,Siddharth Construction Group,Scheduled Tribe (ST),18.94965,73.93482
MPLAD-MA-2024-1003,Maharashtra,Nagpur,Anil Gawde,Procurement and supply of critical care medical equipment for primary health center in Nagpur,Public Health (Hospitals/Clinics),3900000,3900000,2024-04-22,Completed,100,MHADA,Pioneer Engineering,General,18.02075,72.76644
MPLAD-MA-2025-1004,Maharashtra,Thane,Prakash Patil,Supply and installation of integrated solar-powered LED street lights in dark spots in Thane,Non-conventional Energy (Solar lights),1000000,1000000,2025-05-05,Completed,100,PWD Pune Division,Sai Ram Constructions,General,19.42138,74.4892
MPLAD-MA-2025-1005,Maharashtra,Mumbai Suburban,Prakash Patil,Upgradation of sanitation facilities and public latrines in commercial market in Mumbai Suburban,Sanitation & Public Health,1900000,1900000,2025-06-10,Completed,100,Nashik Zilla Parishad,Global Contracting & Co.,General,19.11372,72.43747
MPLAD-MA-2024-1006,Maharashtra,Nagpur,Sanjay Shinde,Construction of additional classrooms in government higher secondary school in Nagpur,Education (School infrastructure/Libraries),2700000,2700000,2024-12-21,Completed,100,PWD Pune Division,Vardhan Infrastructure & Sons,General,19.50233,72.78796
MPLAD-MA-2024-1007,Maharashtra,Thane,Sunita Deshmukh,Upgradation of sanitation facilities and public latrines in commercial market in Thane,Sanitation & Public Health,3000000,3000000,2024-05-16,Completed,100,Thane District Collectorate,Siddharth Construction Group,General,17.73443,73.68678
MPLAD-MA-2023-1008,Maharashtra,Thane,Rahul Naik,Development of public sports playground with jogging track and fencing in Thane,Sports Infrastructure (Playgrounds/Gyms),1700000,1700000,2023-08-05,Completed,100,Nagpur Municipal Corporation,Pioneer Engineering,Scheduled Caste (SC),17.80322,72.93295
MPLAD-MA-2025-1009,Maharashtra,Mumbai Suburban,Sanjay Shinde,Construction of concrete boundary wall around central public burial ground in Mumbai Suburban,Community Assets (Halls/Shelters),4300000,1720000,2025-12-26,In Progress,46,Nagpur Municipal Corporation,Global Contracting & Co.,General,19.23497,73.91693
MPLAD-MA-2024-1010,Maharashtra,Mumbai Suburban,Anil Gawde,Setting up of centralized solar micro-grid for rural electrification in Mumbai Suburban,Non-conventional Energy (Solar lights),800000,800000,2024-03-10,Completed,100,MHADA,Elite Infrastructure Group,General,17.27273,72.44135
MPLAD-MA-2025-1011,Maharashtra,Pune,Sunita Deshmukh,Procurement of portable solar lanterns for high-altitude village hamlets in Pune,Non-conventional Energy (Solar lights),600000,600000,2025-07-28,Completed,100,Nagpur Municipal Corporation,Om Shanti Developers,General,19.98836,73.88734
MPLAD-MA-2025-1012,Maharashtra,Mumbai Suburban,Prakash Patil,Provision of mobile medical health unit vehicle with essential diagnostic tools in Mumbai Suburban,Public Health (Hospitals/Clinics),1800000,1800000,2025-01-22,Completed,100,PWD Pune Division,Dynamic Construction Corp,Scheduled Tribe (ST),18.36117,75.16145
MPLAD-MA-2026-1013,Maharashtra,Thane,Rahul Naik,Construction of concrete storm water drain and sewage channel in Thane,Sanitation & Public Health,3000000,600000,2026-04-05,Sanctioned but not started,0,Nagpur Municipal Corporation,Dynamic Construction Corp,Scheduled Caste (SC),18.61814,74.63588
MPLAD-MA-2024-1014,Maharashtra,Mumbai Suburban,Prakash Patil,Provision of sports equipment and fitness kits for youth community center in Mumbai Suburban,Sports Infrastructure (Playgrounds/Gyms),1000000,1000000,2024-01-16,Completed,100,MHADA,Sai Ram Constructions,General,17.71836,73.02261
MPLAD-MA-2026-1015,Maharashtra,Mumbai Suburban,Prakash Patil,Construction of multipurpose community hall for public social functions in Mumbai Suburban,Community Assets (Halls/Shelters),3900000,1560000,2026-05-26,Sanctioned but not started,0,PWD Pune Division,Elite Infrastructure Group,General,19.84055,72.79538
MPLAD-MA-2024-1016,Maharashtra,Mumbai Suburban,Rahul Naik,Provision of science laboratory equipment and student seating benches in Mumbai Suburban,Education (School infrastructure/Libraries),3900000,3900000,2024-07-16,Completed,100,Nashik Zilla Parishad,Sai Ram Constructions,General,18.19698,74.31506
MPLAD-MA-2024-1017,Maharashtra,Thane,Anil Gawde,Construction of multipurpose community hall for public social functions in Thane,Community Assets (Halls/Shelters),2200000,880000,2024-09-03,In Progress,81,MHADA,Om Shanti Developers,General,18.66176,74.06532
MPLAD-MA-2023-1018,Maharashtra,Pune,Prakash Patil,Construction of additional classrooms in government higher secondary school in Pune,Education (School infrastructure/Libraries),4300000,4300000,2023-08-04,Completed,100,PWD Pune Division,Apex Infrastructure,General,18.54247,73.13543
MPLAD-MA-2026-1019,Maharashtra,Nashik,Sunita Deshmukh,Metalling and resurfacing of approach road to agriculture cooperative market in Nashik,"Roads, Pathways & Bridges",3300000,1980000,2026-01-24,In Progress,80,MHADA,Pioneer Engineering,General,17.57123,72.59079
MPLAD-MA-2023-1020,Maharashtra,Nashik,Sanjay Shinde,Installation of hybrid solar lighting systems in government office compounds in Nashik,Non-conventional Energy (Solar lights),1800000,1800000,2023-09-19,Completed,100,Nashik Zilla Parishad,Vardhan Infrastructure & Sons,General,19.9525,72.59525
MPLAD-MA-2025-1021,Maharashtra,Nashik,Sanjay Shinde,Establishment of digital computer lab with 15 workstations in public school in Nashik,Education (School infrastructure/Libraries),2100000,840000,2025-12-05,In Progress,57,PWD Pune Division,Sai Ram Constructions,General,18.38788,74.92346
MPLAD-MA-2023-1022,Maharashtra,Pune,Anil Gawde,Construction of community toilet block for women and children in Pune,Sanitation & Public Health,3000000,1200000,2023-07-01,In Progress,75,MHADA,Pioneer Engineering,General,18.45692,72.94124
MPLAD-MA-2024-1023,Maharashtra,Nashik,Prakash Patil,Supply and installation of integrated solar-powered LED street lights in dark spots in Nashik,Non-conventional Energy (Solar lights),1100000,1100000,2024-11-25,Completed,100,Nagpur Municipal Corporation,Sai Ram Constructions,General,18.26902,75.17195
MPLAD-MA-2023-1024,Maharashtra,Mumbai Suburban,Anil Gawde,Construction of library building and provision of educational furniture in Mumbai Suburban,Education (School infrastructure/Libraries),2100000,2100000,2023-09-28,Completed,100,Nagpur Municipal Corporation,Siddharth Construction Group,General,18.62659,74.54393
MPLAD-MA-2026-1025,Maharashtra,Pune,Prakash Patil,Renovation and roofing repair of local community cultural assembly center in Pune,Community Assets (Halls/Shelters),4400000,1760000,2026-05-23,Sanctioned but not started,0,MHADA,Apex Infrastructure,General,19.55403,72.50556
MPLAD-MA-2023-1026,Maharashtra,Pune,Sunita Deshmukh,Upgradation of sanitation facilities and public latrines in commercial market in Pune,Sanitation & Public Health,1700000,1700000,2023-08-21,Completed,100,Nashik Zilla Parishad,Apex Infrastructure,Scheduled Caste (SC),18.25767,74.05102
MPLAD-MA-2024-1027,Maharashtra,Mumbai Suburban,Sanjay Shinde,Construction of library building and provision of educational furniture in Mumbai Suburban,Education (School infrastructure/Libraries),2200000,2200000,2024-11-25,Completed,100,Thane District Collectorate,Dynamic Construction Corp,General,19.01507,73.19999
MPLAD-MA-2023-1028,Maharashtra,Thane,Prakash Patil,Renovation and roofing repair of local community cultural assembly center in Thane,Community Assets (Halls/Shelters),3300000,1320000,2023-12-22,In Progress,94,PWD Pune Division,Metro Urban Projects,General,17.7956,75.09978
MPLAD-MA-2025-1029,Maharashtra,Pune,Sunita Deshmukh,Construction of outpatient department (OPD) extension hall in community hospital in Pune,Public Health (Hospitals/Clinics),2900000,2900000,2025-02-09,Completed,100,Thane District Collectorate,Vardhan Infrastructure & Sons,General,18.58682,74.30359
MPLAD-MA-2024-1030,Maharashtra,Mumbai Suburban,Sanjay Shinde,Construction of small pedestrian over-bridge across local stream in Mumbai Suburban,"Roads, Pathways & Bridges",1800000,1800000,2024-01-06,Completed,100,PWD Pune Division,Metro Urban Projects,General,17.46634,73.14527
MPLAD-MA-2024-1031,Maharashtra,Nagpur,Sanjay Shinde,Renovation and upgradation of pediatric ward in district hospital in Nagpur,Public Health (Hospitals/Clinics),3000000,2400000,2024-10-27,In Progress,65,Nagpur Municipal Corporation,Pioneer Engineering,General,19.48804,72.43226
MPLAD-MA-2025-1032,Maharashtra,Thane,Sunita Deshmukh,Interlocking tiles paving and repair of street internal pathways in Thane,"Roads, Pathways & Bridges",3200000,1280000,2025-10-23,In Progress,37,Thane District Collectorate,Siddharth Construction Group,General,19.71179,73.93677
MPLAD-MA-2023-1033,Maharashtra,Thane,Rahul Naik,Interlocking tiles paving and repair of street internal pathways in Thane,"Roads, Pathways & Bridges",1900000,1900000,2023-08-25,Completed,100,MHADA,Balaji Enterprises,General,19.69694,74.68837
MPLAD-MA-2025-1034,Maharashtra,Pune,Sanjay Shinde,Construction of additional classrooms in government higher secondary school in Pune,Education (School infrastructure/Libraries),2600000,1040000,2025-09-10,In Progress,89,Nagpur Municipal Corporation,Dynamic Construction Corp,Scheduled Tribe (ST),19.92862,74.73232
MPLAD-MA-2024-1035,Maharashtra,Nashik,Prakash Patil,Provision of sports equipment and fitness kits for youth community center in Nashik,Sports Infrastructure (Playgrounds/Gyms),1700000,1020000,2024-11-28,In Progress,66,Nagpur Municipal Corporation,A-1 Builders Ltd,Scheduled Tribe (ST),19.57578,72.9673
MPLAD-MA-2024-1036,Maharashtra,Nashik,Sanjay Shinde,Establishment of digital computer lab with 15 workstations in public school in Nashik,Education (School infrastructure/Libraries),1500000,1500000,2024-06-30,Completed,100,Thane District Collectorate,Balaji Enterprises,Scheduled Caste (SC),17.83581,72.50826
MPLAD-MA-2023-1037,Maharashtra,Thane,Sanjay Shinde,Procurement of portable solar lanterns for high-altitude village hamlets in Thane,Non-conventional Energy (Solar lights),1000000,400000,2023-07-27,In Progress,76,MHADA,Om Shanti Developers,General,19.8876,73.0964
MPLAD-MA-2026-1038,Maharashtra,Pune,Rahul Naik,Construction of concrete basketball court with standard seating gallery in Pune,Sports Infrastructure (Playgrounds/Gyms),2300000,920000,2026-04-13,Sanctioned but not started,0,Nashik Zilla Parishad,Global Contracting & Co.,General,17.76417,74.42636
MPLAD-MA-2023-1039,Maharashtra,Pune,Rahul Naik,Construction of library building and provision of educational furniture in Pune,Education (School infrastructure/Libraries),2800000,2800000,2023-10-22,Completed,100,MHADA,Balaji Enterprises,General,18.86947,74.29016
MPLAD-MA-2025-1040,Maharashtra,Pune,Sanjay Shinde,Setting up of solar power backup grid for public health clinic emergency room in Pune,Public Health (Hospitals/Clinics),2500000,2500000,2025-09-02,Completed,100,MHADA,Metro Urban Projects,General,17.38186,73.56134
MPLAD-MA-2023-1041,Maharashtra,Nashik,Sunita Deshmukh,Setting up of solar power backup grid for public health clinic emergency room in Nashik,Public Health (Hospitals/Clinics),3200000,3200000,2023-06-01,Completed,100,MHADA,Sai Ram Constructions,General,17.63055,74.65728
MPLAD-MA-2024-1042,Maharashtra,Mumbai Suburban,Sanjay Shinde,Construction of concrete boundary wall around central public burial ground in Mumbai Suburban,Community Assets (Halls/Shelters),3600000,3600000,2024-08-11,Completed,100,Nashik Zilla Parishad,Elite Infrastructure Group,General,19.38121,75.1795
MPLAD-MA-2025-1043,Maharashtra,Nagpur,Prakash Patil,Development of public sports playground with jogging track and fencing in Nagpur,Sports Infrastructure (Playgrounds/Gyms),1700000,680000,2025-02-25,In Progress,72,Thane District Collectorate,A-1 Builders Ltd,General,17.13864,75.25181
MPLAD-MA-2025-1044,Maharashtra,Mumbai Suburban,Prakash Patil,Procurement of portable solar lanterns for high-altitude village hamlets in Mumbai Suburban,Non-conventional Energy (Solar lights),800000,800000,2025-07-26,Completed,100,Nashik Zilla Parishad,Pioneer Engineering,Scheduled Caste (SC),17.73195,74.26817
MPLAD-MA-2026-1045,Maharashtra,Pune,Prakash Patil,Establishment of digital computer lab with 15 workstations in public school in Pune,Education (School infrastructure/Libraries),4000000,3200000,2026-04-26,In Progress,3,Nashik Zilla Parishad,Global Contracting & Co.,General,19.75241,72.66408
MPLAD-MA-2026-1046,Maharashtra,Nagpur,Anil Gawde,Provision of sports equipment and fitness kits for youth community center in Nagpur,Sports Infrastructure (Playgrounds/Gyms),2900000,1740000,2026-03-30,In Progress,35,MHADA,Dynamic Construction Corp,General,19.23097,73.72402
MPLAD-MA-2025-1047,Maharashtra,Thane,Sunita Deshmukh,Construction of passenger waiting shelter at central district bus stand in Thane,Community Assets (Halls/Shelters),2300000,1380000,2025-11-17,In Progress,75,Thane District Collectorate,Global Contracting & Co.,General,17.81515,73.25913
MPLAD-MA-2024-1048,Maharashtra,Mumbai Suburban,Prakash Patil,Upgradation of village mud road into metalled road with proper drainage in Mumbai Suburban,"Roads, Pathways & Bridges",2700000,2700000,2024-04-08,Completed,100,Nagpur Municipal Corporation,Global Contracting & Co.,General,17.19269,73.5228
MPLAD-MA-2025-1049,Maharashtra,Mumbai Suburban,Anil Gawde,Provision of clean drinking water overhead tank of 10000 liters capacity in Mumbai Suburban,Drinking Water Facility,1800000,1800000,2025-10-08,Completed,100,Nashik Zilla Parishad,Om Shanti Developers,General,19.83819,72.3586
MPLAD-MA-2025-1050,Maharashtra,Mumbai Suburban,Anil Gawde,Supply and installation of RO drinking water purification plant in public spaces in Mumbai Suburban,Drinking Water Facility,900000,900000,2025-08-07,Completed,100,Nashik Zilla Parishad,Metro Urban Projects,General,19.24255,73.9384
MPLAD-MA-2026-1051,Maharashtra,Mumbai Suburban,Sunita Deshmukh,Construction of library building and provision of educational furniture in Mumbai Suburban,Education (School infrastructure/Libraries),2800000,1680000,2026-02-19,In Progress,54,Nashik Zilla Parishad,Vardhan Infrastructure & Sons,Scheduled Tribe (ST),19.03743,73.51295
MPLAD-MA-2023-1052,Maharashtra,Nagpur,Anil Gawde,Extension of water pipeline networks in uncovered slums in Nagpur,Drinking Water Facility,1400000,560000,2023-07-26,In Progress,87,Nagpur Municipal Corporation,Elite Infrastructure Group,Scheduled Caste (SC),17.54519,73.08047
MPLAD-MA-2024-1053,Maharashtra,Thane,Sunita Deshmukh,Construction of concrete basketball court with standard seating gallery in Thane,Sports Infrastructure (Playgrounds/Gyms),2200000,2200000,2024-12-21,Completed,100,Nashik Zilla Parishad,Sai Ram Constructions,Scheduled Tribe (ST),19.50473,73.71092
MPLAD-MA-2023-1054,Maharashtra,Mumbai Suburban,Prakash Patil,Construction of additional classrooms in government higher secondary school in Mumbai Suburban,Education (School infrastructure/Libraries),3900000,1560000,2023-08-22,In Progress,75,Thane District Collectorate,A-1 Builders Ltd,Scheduled Caste (SC),18.86401,73.01563
MPLAD-MA-2024-1055,Maharashtra,Nashik,Prakash Patil,Repair and renovation of boundary wall and roofing of government primary school in Nashik,Education (School infrastructure/Libraries),3700000,3700000,2024-11-06,Completed,100,MHADA,Dynamic Construction Corp,General,18.81768,75.1912
MPLAD-MA-2025-1056,Maharashtra,Pune,Sunita Deshmukh,Upgradation of sanitation facilities and public latrines in commercial market in Pune,Sanitation & Public Health,1000000,1000000,2025-02-28,Completed,100,Thane District Collectorate,Vardhan Infrastructure & Sons,Scheduled Tribe (ST),19.72408,73.42592
MPLAD-MA-2025-1057,Maharashtra,Nagpur,Prakash Patil,Construction of additional classrooms in government higher secondary school in Nagpur,Education (School infrastructure/Libraries),3700000,3700000,2025-02-07,Completed,100,MHADA,Om Shanti Developers,General,19.41658,74.68868
MPLAD-MA-2026-1058,Maharashtra,Mumbai Suburban,Prakash Patil,Setting up of centralized solar micro-grid for rural electrification in Mumbai Suburban,Non-conventional Energy (Solar lights),600000,360000,2026-04-02,In Progress,0,Thane District Collectorate,Elite Infrastructure Group,General,17.31662,75.18236
MPLAD-MA-2024-1059,Maharashtra,Nashik,Sunita Deshmukh,Metalling and resurfacing of approach road to agriculture cooperative market in Nashik,"Roads, Pathways & Bridges",4500000,4500000,2024-12-05,Completed,100,Nashik Zilla Parishad,Metro Urban Projects,General,19.32392,73.69462
MPLAD-MA-2025-1060,Maharashtra,Mumbai Suburban,Sanjay Shinde,Construction of additional classrooms in government higher secondary school in Mumbai Suburban,Education (School infrastructure/Libraries),2300000,1380000,2025-12-10,In Progress,78,Thane District Collectorate,Om Shanti Developers,General,18.831,73.43697
MPLAD-MA-2025-1061,Maharashtra,Pune,Anil Gawde,Interlocking tiles paving and repair of street internal pathways in Pune,"Roads, Pathways & Bridges",2100000,2100000,2025-05-27,Completed,100,Thane District Collectorate,Balaji Enterprises,General,17.83898,74.08847
MPLAD-MA-2025-1062,Maharashtra,Thane,Rahul Naik,Construction of additional classrooms in government higher secondary school in Thane,Education (School infrastructure/Libraries),2200000,2200000,2025-09-10,Completed,100,PWD Pune Division,Metro Urban Projects,General,19.27449,74.37183
MPLAD-MA-2025-1063,Maharashtra,Nashik,Anil Gawde,Construction of concrete storm water drain and sewage channel in Nashik,Sanitation & Public Health,1700000,1360000,2025-09-06,In Progress,49,PWD Pune Division,Om Shanti Developers,Scheduled Caste (SC),18.10706,73.96042
MPLAD-MA-2024-1064,Maharashtra,Thane,Anil Gawde,Construction of concrete basketball court with standard seating gallery in Thane,Sports Infrastructure (Playgrounds/Gyms),2400000,2400000,2024-12-06,Completed,100,MHADA,Sai Ram Constructions,General,17.69161,74.46385
MPLAD-MA-2026-1065,Maharashtra,Thane,Prakash Patil,Upgradation of village mud road into metalled road with proper drainage in Thane,"Roads, Pathways & Bridges",2100000,2100000,2026-02-16,Completed,100,MHADA,Siddharth Construction Group,General,18.76876,74.58062
MPLAD-MA-2025-1066,Maharashtra,Mumbai Suburban,Sanjay Shinde,Construction of library building and provision of educational furniture in Mumbai Suburban,Education (School infrastructure/Libraries),2200000,880000,2025-06-09,In Progress,79,PWD Pune Division,Siddharth Construction Group,General,18.60241,73.12293
MPLAD-MA-2023-1067,Maharashtra,Pune,Rahul Naik,Interlocking tiles paving and repair of street internal pathways in Pune,"Roads, Pathways & Bridges",1800000,1800000,2023-06-26,Completed,100,Thane District Collectorate,Sai Ram Constructions,General,18.40819,73.62141
MPLAD-MA-2023-1068,Maharashtra,Nagpur,Prakash Patil,Construction of multipurpose community hall for public social functions in Nagpur,Community Assets (Halls/Shelters),4100000,4100000,2023-10-12,Completed,100,Thane District Collectorate,Elite Infrastructure Group,Scheduled Caste (SC),17.22225,74.18834
MPLAD-MA-2024-1069,Maharashtra,Pune,Sunita Deshmukh,Procurement and supply of critical care medical equipment for primary health center in Pune,Public Health (Hospitals/Clinics),2200000,2200000,2024-01-29,Completed,100,Nagpur Municipal Corporation,Pioneer Engineering,General,18.81895,74.67222
MPLAD-MA-2025-1070,Maharashtra,Nagpur,Rahul Naik,Construction of concrete boundary wall around central public burial ground in Nagpur,Community Assets (Halls/Shelters),2400000,2400000,2025-10-26,Completed,100,Nashik Zilla Parishad,Om Shanti Developers,Scheduled Tribe (ST),18.86308,74.12889
MPLAD-MA-2024-1071,Maharashtra,Pune,Sunita Deshmukh,Procurement and supply of critical care medical equipment for primary health center in Pune,Public Health (Hospitals/Clinics),2000000,800000,2024-10-04,In Progress,95,Nagpur Municipal Corporation,Dynamic Construction Corp,Scheduled Caste (SC),17.00803,73.65151
MPLAD-MA-2024-1072,Maharashtra,Mumbai Suburban,Anil Gawde,Provision of clean drinking water overhead tank of 10000 liters capacity in Mumbai Suburban,Drinking Water Facility,900000,900000,2024-12-31,Completed,100,Thane District Collectorate,Elite Infrastructure Group,General,17.21354,73.00027
MPLAD-MA-2024-1073,Maharashtra,Thane,Rahul Naik,Supply and installation of integrated solar-powered LED street lights in dark spots in Thane,Non-conventional Energy (Solar lights),1300000,1300000,2024-09-03,Completed,100,Nagpur Municipal Corporation,Dynamic Construction Corp,General,19.72523,74.77989
MPLAD-MA-2025-1074,Maharashtra,Pune,Prakash Patil,Renovation and upgradation of pediatric ward in district hospital in Pune,Public Health (Hospitals/Clinics),3800000,3800000,2025-01-12,Completed,100,Nagpur Municipal Corporation,Apex Infrastructure,Scheduled Caste (SC),18.40609,73.21227
MPLAD-MA-2023-1075,Maharashtra,Nashik,Sanjay Shinde,Construction of concrete boundary wall around central public burial ground in Nashik,Community Assets (Halls/Shelters),1700000,1700000,2023-08-21,Completed,100,MHADA,Siddharth Construction Group,General,17.96696,73.0511
MPLAD-MA-2023-1076,Maharashtra,Pune,Sunita Deshmukh,Supply and installation of RO drinking water purification plant in public spaces in Pune,Drinking Water Facility,1400000,1120000,2023-08-22,In Progress,90,MHADA,Vardhan Infrastructure & Sons,General,18.32669,73.13447
MPLAD-MA-2025-1077,Maharashtra,Mumbai Suburban,Anil Gawde,Procurement of automated solid waste collection vehicles for municipality in Mumbai Suburban,Sanitation & Public Health,2100000,2100000,2025-09-14,Completed,100,Nashik Zilla Parishad,Balaji Enterprises,Scheduled Caste (SC),19.0104,74.8732
MPLAD-MA-2023-1078,Maharashtra,Thane,Anil Gawde,Setting up of solar power backup grid for public health clinic emergency room in Thane,Public Health (Hospitals/Clinics),4100000,4100000,2023-08-15,Completed,100,Nashik Zilla Parishad,Apex Infrastructure,General,17.94355,73.26982
MPLAD-MA-2024-1079,Maharashtra,Nashik,Rahul Naik,Construction of concrete boundary wall around central public burial ground in Nashik,Community Assets (Halls/Shelters),1600000,1600000,2024-06-19,Completed,100,PWD Pune Division,Balaji Enterprises,General,18.8679,73.79548
MPLAD-MA-2025-1080,Maharashtra,Nashik,Prakash Patil,Renovation and upgradation of pediatric ward in district hospital in Nashik,Public Health (Hospitals/Clinics),1900000,1900000,2025-01-10,Completed,100,Nagpur Municipal Corporation,Siddharth Construction Group,General,18.45414,72.38661
MPLAD-MA-2025-1081,Maharashtra,Mumbai Suburban,Sunita Deshmukh,Renovation and upgradation of pediatric ward in district hospital in Mumbai Suburban,Public Health (Hospitals/Clinics),1500000,600000,2025-09-13,In Progress,44,Nagpur Municipal Corporation,Elite Infrastructure Group,Scheduled Caste (SC),19.84118,74.24313
MPLAD-MA-2026-1082,Maharashtra,Nagpur,Anil Gawde,Setting up of solar power backup grid for public health clinic emergency room in Nagpur,Public Health (Hospitals/Clinics),4100000,4100000,2026-02-13,Completed,100,Thane District Collectorate,Global Contracting & Co.,General,18.37036,72.73393
MPLAD-MA-2025-1083,Maharashtra,Nagpur,Rahul Naik,Construction of CC road and brick pavement linking main highway to village in Nagpur,"Roads, Pathways & Bridges",2300000,2300000,2025-09-27,Completed,100,MHADA,Metro Urban Projects,General,17.80152,72.3077
MPLAD-MA-2026-1084,Maharashtra,Thane,Rahul Naik,Construction of passenger waiting shelter at central district bus stand in Thane,Community Assets (Halls/Shelters),2900000,2900000,2026-02-16,Completed,100,MHADA,Balaji Enterprises,General,18.65575,73.93029
MPLAD-MA-2024-1085,Maharashtra,Nashik,Sanjay Shinde,Provision of science laboratory equipment and student seating benches in Nashik,Education (School infrastructure/Libraries),2700000,2700000,2024-09-21,Completed,100,Nagpur Municipal Corporation,A-1 Builders Ltd,General,17.95453,73.71893
MPLAD-MA-2026-1086,Maharashtra,Nashik,Anil Gawde,Construction of multipurpose community hall for public social functions in Nashik,Community Assets (Halls/Shelters),1900000,1140000,2026-03-25,In Progress,6,Nagpur Municipal Corporation,Apex Infrastructure,General,18.57785,73.67078
MPLAD-MA-2025-1087,Maharashtra,Nagpur,Anil Gawde,Procurement of automated solid waste collection vehicles for municipality in Nagpur,Sanitation & Public Health,1800000,1800000,2025-04-24,Completed,100,Nagpur Municipal Corporation,Siddharth Construction Group,General,18.19245,72.54095
MPLAD-MA-2023-1088,Maharashtra,Thane,Rahul Naik,Provision of sports equipment and fitness kits for youth community center in Thane,Sports Infrastructure (Playgrounds/Gyms),2700000,2700000,2023-08-13,Completed,100,Nashik Zilla Parishad,Apex Infrastructure,General,17.70431,74.3532
MPLAD-MA-2023-1089,Maharashtra,Thane,Sunita Deshmukh,Supply and installation of integrated solar-powered LED street lights in dark spots in Thane,Non-conventional Energy (Solar lights),1700000,1700000,2023-12-23,Completed,100,PWD Pune Division,Dynamic Construction Corp,Scheduled Caste (SC),19.082,75.01027
MPLAD-MA-2025-1090,Maharashtra,Pune,Sanjay Shinde,Provision of mobile medical health unit vehicle with essential diagnostic tools in Pune,Public Health (Hospitals/Clinics),2600000,2080000,2025-10-30,In Progress,45,PWD Pune Division,Pioneer Engineering,General,18.69778,74.67756
MPLAD-MA-2024-1091,Maharashtra,Nagpur,Sunita Deshmukh,Procurement of portable solar lanterns for high-altitude village hamlets in Nagpur,Non-conventional Energy (Solar lights),1500000,1500000,2024-10-06,Completed,100,PWD Pune Division,Om Shanti Developers,General,17.42935,73.68345
MPLAD-MA-2024-1092,Maharashtra,Thane,Anil Gawde,Extension of water pipeline networks in uncovered slums in Thane,Drinking Water Facility,900000,540000,2024-04-19,In Progress,88,Thane District Collectorate,Om Shanti Developers,General,17.89746,75.18609
MPLAD-MA-2026-1093,Maharashtra,Thane,Anil Gawde,Repair and renovation of boundary wall and roofing of government primary school in Thane,Education (School infrastructure/Libraries),4200000,2520000,2026-02-14,In Progress,45,Thane District Collectorate,Om Shanti Developers,Scheduled Caste (SC),18.07688,73.18762
MPLAD-MA-2023-1094,Maharashtra,Thane,Prakash Patil,Procurement and supply of critical care medical equipment for primary health center in Thane,Public Health (Hospitals/Clinics),3300000,3300000,2023-09-09,Completed,100,Nashik Zilla Parishad,Siddharth Construction Group,General,18.49018,75.01247
MPLAD-MA-2024-1095,Maharashtra,Thane,Sunita Deshmukh,Supply and installation of open-air gymnasium equipment in public park in Thane,Sports Infrastructure (Playgrounds/Gyms),3000000,3000000,2024-06-24,Completed,100,MHADA,Sai Ram Constructions,Scheduled Caste (SC),19.03329,74.46279
MPLAD-TA-2025-1096,Tamil Nadu,Coimbatore,K. Srinivasan,Setting up of solar power backup grid for public health clinic emergency room in Coimbatore,Public Health (Hospitals/Clinics),1600000,1600000,2025-06-17,Completed,100,Greater Chennai Corporation,Dynamic Construction Corp,General,9.7704,77.88533
MPLAD-TA-2025-1097,Tamil Nadu,Salem,M. K. Anbazhagan,Metalling and resurfacing of approach road to agriculture cooperative market in Salem,"Roads, Pathways & Bridges",4300000,4300000,2025-06-19,Completed,100,Coimbatore Municipal Corporation,Metro Urban Projects,General,12.24046,79.49142
MPLAD-TA-2023-1098,Tamil Nadu,Madurai,P. Selvam,Development of public sports playground with jogging track and fencing in Madurai,Sports Infrastructure (Playgrounds/Gyms),2400000,1920000,2023-11-02,In Progress,74,Madurai City Corporation,Siddharth Construction Group,General,11.52322,78.19223
MPLAD-TA-2024-1099,Tamil Nadu,Trichy,S. Ramachandran,Supply and installation of integrated solar-powered LED street lights in dark spots in Trichy,Non-conventional Energy (Solar lights),900000,900000,2024-02-09,Completed,100,Greater Chennai Corporation,Balaji Enterprises,General,11.51849,79.01702
MPLAD-TA-2023-1100,Tamil Nadu,Trichy,P. Selvam,Provision of modern bio-toilets in public high school premises in Trichy,Sanitation & Public Health,2500000,2500000,2023-07-22,Completed,100,Madurai City Corporation,Metro Urban Projects,General,10.48402,78.83025
MPLAD-TA-2023-1101,Tamil Nadu,Chennai,P. Selvam,Supply and installation of integrated solar-powered LED street lights in dark spots in Chennai,Non-conventional Energy (Solar lights),700000,420000,2023-09-01,In Progress,79,Madurai City Corporation,Apex Infrastructure,General,9.79158,79.66178
MPLAD-TA-2024-1102,Tamil Nadu,Coimbatore,P. Selvam,Renovation of community sports stadium changing rooms and facility block in Coimbatore,Sports Infrastructure (Playgrounds/Gyms),2300000,2300000,2024-04-12,Completed,100,Salem District Development Agency,Vardhan Infrastructure & Sons,General,9.79706,78.46804
MPLAD-TA-2025-1103,Tamil Nadu,Salem,S. Ramachandran,Supply and installation of open-air gymnasium equipment in public park in Salem,Sports Infrastructure (Playgrounds/Gyms),2400000,1440000,2025-11-27,In Progress,84,Greater Chennai Corporation,Apex Infrastructure,General,12.44278,78.102
MPLAD-TA-2024-1104,Tamil Nadu,Madurai,K. Srinivasan,Construction of outpatient department (OPD) extension hall in community hospital in Madurai,Public Health (Hospitals/Clinics),4500000,4500000,2024-02-06,Completed,100,Salem District Development Agency,Apex Infrastructure,General,11.48831,78.92511
MPLAD-TA-2024-1105,Tamil Nadu,Trichy,K. Srinivasan,Supply and installation of open-air gymnasium equipment in public park in Trichy,Sports Infrastructure (Playgrounds/Gyms),1400000,560000,2024-07-25,In Progress,95,Greater Chennai Corporation,Om Shanti Developers,Scheduled Caste (SC),10.14785,79.60909
MPLAD-TA-2024-1106,Tamil Nadu,Madurai,M. K. Anbazhagan,Supply and installation of RO drinking water purification plant in public spaces in Madurai,Drinking Water Facility,1800000,1080000,2024-03-23,In Progress,94,TN Highway Dept,Dynamic Construction Corp,General,9.82978,79.59934
MPLAD-TA-2023-1107,Tamil Nadu,Coimbatore,K. Srinivasan,Provision of science laboratory equipment and student seating benches in Coimbatore,Education (School infrastructure/Libraries),2500000,1000000,2023-07-03,In Progress,76,Madurai City Corporation,Dynamic Construction Corp,General,11.72515,78.57826
MPLAD-TA-2024-1108,Tamil Nadu,Chennai,P. Selvam,Renovation of community sports stadium changing rooms and facility block in Chennai,Sports Infrastructure (Playgrounds/Gyms),2800000,2800000,2024-01-10,Completed,100,Salem District Development Agency,Metro Urban Projects,Scheduled Caste (SC),10.16465,78.84532
MPLAD-TA-2025-1109,Tamil Nadu,Trichy,S. Ramachandran,Installation of high-capacity borewell with dual pump in rural habitations in Trichy,Drinking Water Facility,1200000,1200000,2025-08-31,Completed,100,Salem District Development Agency,Vardhan Infrastructure & Sons,General,9.82389,79.1372
MPLAD-TA-2023-1110,Tamil Nadu,Salem,K. Srinivasan,Renovation of community sports stadium changing rooms and facility block in Salem,Sports Infrastructure (Playgrounds/Gyms),1400000,1120000,2023-10-13,In Progress,77,Greater Chennai Corporation,Vardhan Infrastructure & Sons,General,11.25609,79.13646
MPLAD-TA-2025-1111,Tamil Nadu,Salem,R. Thangavelu,Setting up of solar power backup grid for public health clinic emergency room in Salem,Public Health (Hospitals/Clinics),3100000,2480000,2025-10-29,In Progress,80,TN Highway Dept,Apex Infrastructure,General,12.05838,78.95275
MPLAD-TA-2025-1112,Tamil Nadu,Trichy,M. K. Anbazhagan,Construction of passenger waiting shelter at central district bus stand in Trichy,Community Assets (Halls/Shelters),2800000,2800000,2025-04-25,Completed,100,Salem District Development Agency,Pioneer Engineering,General,10.74797,77.28526
MPLAD-TA-2023-1113,Tamil Nadu,Salem,S. Ramachandran,Supply and installation of open-air gymnasium equipment in public park in Salem,Sports Infrastructure (Playgrounds/Gyms),2500000,1000000,2023-10-16,In Progress,65,Madurai City Corporation,Pioneer Engineering,Scheduled Tribe (ST),9.78969,79.21639
MPLAD-TA-2025-1114,Tamil Nadu,Coimbatore,R. Thangavelu,Development of public sports playground with jogging track and fencing in Coimbatore,Sports Infrastructure (Playgrounds/Gyms),2300000,2300000,2025-05-25,Completed,100,Greater Chennai Corporation,Pioneer Engineering,Scheduled Caste (SC),12.10428,79.16318
MPLAD-TA-2026-1115,Tamil Nadu,Madurai,R. Thangavelu,Development of public sports playground with jogging track and fencing in Madurai,Sports Infrastructure (Playgrounds/Gyms),2800000,1120000,2026-04-05,Sanctioned but not started,0,Madurai City Corporation,Elite Infrastructure Group,General,10.17273,77.32466
MPLAD-TA-2025-1116,Tamil Nadu,Trichy,S. Ramachandran,Renovation and upgradation of pediatric ward in district hospital in Trichy,Public Health (Hospitals/Clinics),2200000,1760000,2025-10-26,In Progress,68,Greater Chennai Corporation,Siddharth Construction Group,Scheduled Caste (SC),10.30234,77.54125
MPLAD-TA-2024-1117,Tamil Nadu,Madurai,S. Ramachandran,Provision of clean drinking water overhead tank of 10000 liters capacity in Madurai,Drinking Water Facility,1800000,1800000,2024-03-20,Completed,100,Madurai City Corporation,Vardhan Infrastructure & Sons,Scheduled Caste (SC),10.70235,77.42562
MPLAD-TA-2025-1118,Tamil Nadu,Chennai,K. Srinivasan,Repair and renovation of boundary wall and roofing of government primary school in Chennai,Education (School infrastructure/Libraries),2800000,2800000,2025-12-16,Completed,100,TN Highway Dept,Dynamic Construction Corp,General,10.61016,79.16479
MPLAD-TA-2023-1119,Tamil Nadu,Trichy,R. Thangavelu,Provision of clean drinking water overhead tank of 10000 liters capacity in Trichy,Drinking Water Facility,700000,700000,2023-09-10,Completed,100,Greater Chennai Corporation,Apex Infrastructure,Scheduled Caste (SC),10.31631,78.98582
MPLAD-TA-2026-1120,Tamil Nadu,Salem,R. Thangavelu,Setting up of centralized solar micro-grid for rural electrification in Salem,Non-conventional Energy (Solar lights),800000,160000,2026-04-15,Sanctioned but not started,0,Salem District Development Agency,Apex Infrastructure,General,10.34974,79.03546
MPLAD-TA-2023-1121,Tamil Nadu,Salem,R. Thangavelu,Provision of clean drinking water overhead tank of 10000 liters capacity in Salem,Drinking Water Facility,1100000,660000,2023-09-21,In Progress,73,Madurai City Corporation,Global Contracting & Co.,Scheduled Caste (SC),11.80205,79.29248
MPLAD-TA-2025-1122,Tamil Nadu,Madurai,S. Ramachandran,Extension of water pipeline networks in uncovered slums in Madurai,Drinking Water Facility,1600000,960000,2025-10-29,In Progress,38,Greater Chennai Corporation,Metro Urban Projects,Scheduled Caste (SC),11.61101,78.50079
MPLAD-TA-2025-1123,Tamil Nadu,Madurai,K. Srinivasan,Extension of water pipeline networks in uncovered slums in Madurai,Drinking Water Facility,500000,300000,2025-12-28,In Progress,85,Salem District Development Agency,Om Shanti Developers,General,10.78785,78.21327
MPLAD-TA-2024-1124,Tamil Nadu,Salem,S. Ramachandran,Supply and installation of integrated solar-powered LED street lights in dark spots in Salem,Non-conventional Energy (Solar lights),1000000,1000000,2024-05-17,Completed,100,Greater Chennai Corporation,Elite Infrastructure Group,General,11.99608,79.75931
MPLAD-TA-2025-1125,Tamil Nadu,Chennai,P. Selvam,Repair and renovation of boundary wall and roofing of government primary school in Chennai,Education (School infrastructure/Libraries),3300000,3300000,2025-08-29,Completed,100,Greater Chennai Corporation,Apex Infrastructure,General,10.6873,77.93082
MPLAD-TA-2024-1126,Tamil Nadu,Madurai,M. K. Anbazhagan,Construction of CC road and brick pavement linking main highway to village in Madurai,"Roads, Pathways & Bridges",3100000,3100000,2024-01-20,Completed,100,Madurai City Corporation,Metro Urban Projects,General,10.08171,79.32868
MPLAD-TA-2024-1127,Tamil Nadu,Madurai,M. K. Anbazhagan,Provision of modern bio-toilets in public high school premises in Madurai,Sanitation & Public Health,1800000,1440000,2024-07-09,In Progress,69,Coimbatore Municipal Corporation,Apex Infrastructure,Scheduled Caste (SC),10.03144,79.31854
MPLAD-TA-2025-1128,Tamil Nadu,Salem,P. Selvam,Renovation and roofing repair of local community cultural assembly center in Salem,Community Assets (Halls/Shelters),3500000,3500000,2025-03-23,Completed,100,TN Highway Dept,Balaji Enterprises,Scheduled Caste (SC),9.95287,77.20486
MPLAD-TA-2023-1129,Tamil Nadu,Salem,S. Ramachandran,Supply and installation of RO drinking water purification plant in public spaces in Salem,Drinking Water Facility,1300000,1300000,2023-10-30,Completed,100,Madurai City Corporation,Elite Infrastructure Group,General,10.85574,77.17067
MPLAD-TA-2023-1130,Tamil Nadu,Madurai,K. Srinivasan,Installation of hybrid solar lighting systems in government office compounds in Madurai,Non-conventional Energy (Solar lights),1400000,1400000,2023-08-24,Completed,100,Greater Chennai Corporation,Om Shanti Developers,General,11.45551,77.96458
MPLAD-TA-2025-1131,Tamil Nadu,Salem,R. Thangavelu,Extension of water pipeline networks in uncovered slums in Salem,Drinking Water Facility,600000,600000,2025-05-04,Completed,100,Coimbatore Municipal Corporation,Apex Infrastructure,General,11.01365,77.51768
MPLAD-TA-2024-1132,Tamil Nadu,Coimbatore,P. Selvam,Construction of small pedestrian over-bridge across local stream in Coimbatore,"Roads, Pathways & Bridges",2600000,2600000,2024-12-31,Completed,100,Salem District Development Agency,Pioneer Engineering,General,11.82339,79.03669
MPLAD-TA-2025-1133,Tamil Nadu,Chennai,S. Ramachandran,Development of public sports playground with jogging track and fencing in Chennai,Sports Infrastructure (Playgrounds/Gyms),2700000,2700000,2025-07-31,Completed,100,Greater Chennai Corporation,Sai Ram Constructions,General,11.6712,78.96969
MPLAD-TA-2025-1134,Tamil Nadu,Trichy,M. K. Anbazhagan,Upgradation of sanitation facilities and public latrines in commercial market in Trichy,Sanitation & Public Health,1400000,1400000,2025-05-17,Completed,100,Madurai City Corporation,Vardhan Infrastructure & Sons,General,11.59544,78.17587
MPLAD-TA-2024-1135,Tamil Nadu,Trichy,K. Srinivasan,Setting up of centralized solar micro-grid for rural electrification in Trichy,Non-conventional Energy (Solar lights),1800000,1800000,2024-02-17,Completed,100,Madurai City Corporation,Siddharth Construction Group,Scheduled Tribe (ST),11.98688,79.21632
MPLAD-TA-2025-1136,Tamil Nadu,Trichy,K. Srinivasan,Development of public sports playground with jogging track and fencing in Trichy,Sports Infrastructure (Playgrounds/Gyms),2100000,1260000,2025-02-22,In Progress,73,Salem District Development Agency,Elite Infrastructure Group,General,10.07602,79.99993
MPLAD-TA-2026-1137,Tamil Nadu,Coimbatore,K. Srinivasan,Upgradation of sanitation facilities and public latrines in commercial market in Coimbatore,Sanitation & Public Health,2700000,1080000,2026-05-14,Sanctioned but not started,0,Madurai City Corporation,Dynamic Construction Corp,General,11.29174,77.46276
MPLAD-TA-2025-1138,Tamil Nadu,Coimbatore,R. Thangavelu,Construction of multipurpose community hall for public social functions in Coimbatore,Community Assets (Halls/Shelters),2800000,2800000,2025-06-16,Completed,100,Coimbatore Municipal Corporation,Siddharth Construction Group,General,10.21259,78.3326
MPLAD-TA-2026-1139,Tamil Nadu,Madurai,P. Selvam,Construction of library building and provision of educational furniture in Madurai,Education (School infrastructure/Libraries),4500000,3600000,2026-01-16,In Progress,53,Coimbatore Municipal Corporation,Om Shanti Developers,General,12.45332,78.38504
MPLAD-TA-2024-1140,Tamil Nadu,Madurai,P. Selvam,Provision of solar-powered water pumping system for municipal green parks in Madurai,Non-conventional Energy (Solar lights),1800000,1800000,2024-07-13,Completed,100,TN Highway Dept,Dynamic Construction Corp,Scheduled Tribe (ST),12.11901,77.15654
MPLAD-TA-2025-1141,Tamil Nadu,Salem,S. Ramachandran,Upgradation of sanitation facilities and public latrines in commercial market in Salem,Sanitation & Public Health,1300000,780000,2025-01-04,In Progress,70,TN Highway Dept,Elite Infrastructure Group,Scheduled Tribe (ST),12.21592,77.44205
MPLAD-TA-2023-1142,Tamil Nadu,Salem,K. Srinivasan,Development of shaded public resting park with seating benches and pathways in Salem,Community Assets (Halls/Shelters),4400000,4400000,2023-07-25,Completed,100,Coimbatore Municipal Corporation,A-1 Builders Ltd,General,10.68936,78.12188
MPLAD-TA-2023-1143,Tamil Nadu,Salem,K. Srinivasan,Construction of additional classrooms in government higher secondary school in Salem,Education (School infrastructure/Libraries),2500000,2500000,2023-12-20,Completed,100,Madurai City Corporation,Vardhan Infrastructure & Sons,General,10.50587,77.43815
MPLAD-TA-2023-1144,Tamil Nadu,Chennai,S. Ramachandran,Interlocking tiles paving and repair of street internal pathways in Chennai,"Roads, Pathways & Bridges",2900000,1740000,2023-06-11,In Progress,61,Salem District Development Agency,Global Contracting & Co.,General,12.00489,78.64641
MPLAD-TA-2025-1145,Tamil Nadu,Trichy,R. Thangavelu,Construction of concrete storm water drain and sewage channel in Trichy,Sanitation & Public Health,1700000,680000,2025-02-06,In Progress,63,Salem District Development Agency,Pioneer Engineering,General,11.41686,78.86843
MPLAD-TA-2024-1146,Tamil Nadu,Chennai,K. Srinivasan,Provisioning of 500L drinking water tank in public primary school in Chennai,Drinking Water Facility,1400000,1400000,2024-10-08,Completed,100,Salem District Development Agency,Dynamic Construction Corp,General,10.37382,77.00469
MPLAD-TA-2023-1147,Tamil Nadu,Madurai,M. K. Anbazhagan,Provision of solar-powered water pumping system for municipal green parks in Madurai,Non-conventional Energy (Solar lights),1500000,1500000,2023-11-23,Completed,100,TN Highway Dept,Balaji Enterprises,General,9.70304,78.57818
MPLAD-TA-2026-1148,Tamil Nadu,Trichy,R. Thangavelu,Extension of water pipeline networks in uncovered slums in Trichy,Drinking Water Facility,1800000,1080000,2026-01-18,In Progress,70,TN Highway Dept,Balaji Enterprises,General,10.26095,77.04873
MPLAD-TA-2024-1149,Tamil Nadu,Chennai,S. Ramachandran,Upgradation of sanitation facilities and public latrines in commercial market in Chennai,Sanitation & Public Health,2000000,1600000,2024-02-29,In Progress,82,Coimbatore Municipal Corporation,Balaji Enterprises,General,11.94053,77.52527
MPLAD-TA-2025-1150,Tamil Nadu,Salem,P. Selvam,Construction of CC road and brick pavement linking main highway to village in Salem,"Roads, Pathways & Bridges",3700000,1480000,2025-12-24,In Progress,48,Coimbatore Municipal Corporation,A-1 Builders Ltd,General,11.87333,79.65737
MPLAD-TA-2024-1151,Tamil Nadu,Madurai,S. Ramachandran,Procurement of portable solar lanterns for high-altitude village hamlets in Madurai,Non-conventional Energy (Solar lights),1200000,720000,2024-10-31,In Progress,72,TN Highway Dept,Balaji Enterprises,Scheduled Caste (SC),12.08642,77.14341
MPLAD-TA-2025-1152,Tamil Nadu,Madurai,S. Ramachandran,Provision of sports equipment and fitness kits for youth community center in Madurai,Sports Infrastructure (Playgrounds/Gyms),2200000,2200000,2025-11-17,Completed,100,Greater Chennai Corporation,Balaji Enterprises,General,12.42117,78.48861
MPLAD-TA-2025-1153,Tamil Nadu,Salem,S. Ramachandran,Procurement and supply of critical care medical equipment for primary health center in Salem,Public Health (Hospitals/Clinics),3800000,3040000,2025-10-17,In Progress,57,TN Highway Dept,Dynamic Construction Corp,General,11.13642,77.96363
MPLAD-TA-2025-1154,Tamil Nadu,Chennai,S. Ramachandran,Setting up of solar power backup grid for public health clinic emergency room in Chennai,Public Health (Hospitals/Clinics),3400000,2040000,2025-10-20,In Progress,74,Madurai City Corporation,Balaji Enterprises,General,10.84139,79.18044
MPLAD-TA-2025-1155,Tamil Nadu,Madurai,R. Thangavelu,Procurement and supply of critical care medical equipment for primary health center in Madurai,Public Health (Hospitals/Clinics),1700000,1700000,2025-09-09,Completed,100,Salem District Development Agency,Metro Urban Projects,Scheduled Tribe (ST),11.90329,79.03823
MPLAD-TA-2023-1156,Tamil Nadu,Chennai,M. K. Anbazhagan,Construction of multipurpose community hall for public social functions in Chennai,Community Assets (Halls/Shelters),1900000,1140000,2023-10-16,In Progress,83,TN Highway Dept,Pioneer Engineering,General,12.3484,77.09716
MPLAD-TA-2024-1157,Tamil Nadu,Coimbatore,P. Selvam,Provision of sports equipment and fitness kits for youth community center in Coimbatore,Sports Infrastructure (Playgrounds/Gyms),1200000,1200000,2024-03-08,Completed,100,Madurai City Corporation,Balaji Enterprises,General,10.6941,78.94868
MPLAD-TA-2025-1158,Tamil Nadu,Coimbatore,K. Srinivasan,Interlocking tiles paving and repair of street internal pathways in Coimbatore,"Roads, Pathways & Bridges",3100000,3100000,2025-08-01,Completed,100,Greater Chennai Corporation,Apex Infrastructure,Scheduled Caste (SC),10.28533,77.78087
MPLAD-TA-2024-1159,Tamil Nadu,Salem,M. K. Anbazhagan,Setting up of solar power backup grid for public health clinic emergency room in Salem,Public Health (Hospitals/Clinics),2100000,1260000,2024-02-07,In Progress,64,TN Highway Dept,Dynamic Construction Corp,General,12.19604,78.33533
MPLAD-TA-2025-1160,Tamil Nadu,Chennai,S. Ramachandran,Upgradation of sanitation facilities and public latrines in commercial market in Chennai,Sanitation & Public Health,2700000,2700000,2025-01-15,Completed,100,Madurai City Corporation,Dynamic Construction Corp,General,11.63543,79.78197
MPLAD-TA-2024-1161,Tamil Nadu,Coimbatore,S. Ramachandran,Construction of additional classrooms in government higher secondary school in Coimbatore,Education (School infrastructure/Libraries),2100000,840000,2024-03-11,In Progress,91,TN Highway Dept,Balaji Enterprises,General,11.16206,78.10673
MPLAD-TA-2025-1162,Tamil Nadu,Trichy,M. K. Anbazhagan,Construction of community toilet block for women and children in Trichy,Sanitation & Public Health,1900000,1900000,2025-08-24,Completed,100,TN Highway Dept,Siddharth Construction Group,General,10.936,78.23239
MPLAD-TA-2023-1163,Tamil Nadu,Salem,R. Thangavelu,Construction of small pedestrian over-bridge across local stream in Salem,"Roads, Pathways & Bridges",3500000,3500000,2023-10-30,Completed,100,Greater Chennai Corporation,Elite Infrastructure Group,General,11.54033,78.03354
MPLAD-TA-2023-1164,Tamil Nadu,Trichy,R. Thangavelu,Interlocking tiles paving and repair of street internal pathways in Trichy,"Roads, Pathways & Bridges",3100000,1240000,2023-09-22,In Progress,93,Coimbatore Municipal Corporation,Sai Ram Constructions,General,9.99397,77.96798
MPLAD-TA-2024-1165,Tamil Nadu,Coimbatore,S. Ramachandran,Procurement and supply of critical care medical equipment for primary health center in Coimbatore,Public Health (Hospitals/Clinics),2300000,2300000,2024-07-07,Completed,100,TN Highway Dept,Metro Urban Projects,General,10.32335,78.87507
MPLAD-TA-2024-1166,Tamil Nadu,Trichy,R. Thangavelu,Metalling and resurfacing of approach road to agriculture cooperative market in Trichy,"Roads, Pathways & Bridges",4500000,3600000,2024-04-11,In Progress,81,Greater Chennai Corporation,A-1 Builders Ltd,Scheduled Caste (SC),11.97571,77.08512
MPLAD-TA-2023-1167,Tamil Nadu,Chennai,R. Thangavelu,Provision of science laboratory equipment and student seating benches in Chennai,Education (School infrastructure/Libraries),2800000,2800000,2023-08-02,Completed,100,Madurai City Corporation,Vardhan Infrastructure & Sons,General,11.13673,78.92572
MPLAD-TA-2023-1168,Tamil Nadu,Madurai,P. Selvam,Setting up of centralized solar micro-grid for rural electrification in Madurai,Non-conventional Energy (Solar lights),1200000,1200000,2023-10-28,Completed,100,Coimbatore Municipal Corporation,A-1 Builders Ltd,General,9.97424,78.24687
MPLAD-TA-2025-1169,Tamil Nadu,Salem,M. K. Anbazhagan,Construction of small pedestrian over-bridge across local stream in Salem,"Roads, Pathways & Bridges",4200000,4200000,2025-03-15,Completed,100,Madurai City Corporation,Balaji Enterprises,General,12.42612,77.3923
MPLAD-TA-2026-1170,Tamil Nadu,Madurai,R. Thangavelu,Construction of concrete storm water drain and sewage channel in Madurai,Sanitation & Public Health,1700000,1020000,2026-01-11,In Progress,47,TN Highway Dept,Global Contracting & Co.,General,9.92263,77.15182
MPLAD-TA-2025-1171,Tamil Nadu,Salem,R. Thangavelu,Establishment of digital computer lab with 15 workstations in public school in Salem,Education (School infrastructure/Libraries),4100000,4100000,2025-04-01,Completed,100,Salem District Development Agency,Siddharth Construction Group,General,10.43814,79.28936
MPLAD-TA-2023-1172,Tamil Nadu,Salem,R. Thangavelu,Development of shaded public resting park with seating benches and pathways in Salem,Community Assets (Halls/Shelters),3000000,2400000,2023-07-18,In Progress,85,Salem District Development Agency,Elite Infrastructure Group,General,12.40006,77.64543
MPLAD-TA-2026-1173,Tamil Nadu,Madurai,K. Srinivasan,Setting up of solar power backup grid for public health clinic emergency room in Madurai,Public Health (Hospitals/Clinics),3400000,3400000,2026-01-19,Completed,100,Greater Chennai Corporation,Metro Urban Projects,General,9.52453,77.32249
MPLAD-TA-2025-1174,Tamil Nadu,Coimbatore,S. Ramachandran,Setting up of centralized solar micro-grid for rural electrification in Coimbatore,Non-conventional Energy (Solar lights),500000,200000,2025-08-29,In Progress,95,Madurai City Corporation,Balaji Enterprises,General,11.15967,77.2206
MPLAD-TA-2024-1175,Tamil Nadu,Trichy,P. Selvam,Renovation and upgradation of pediatric ward in district hospital in Trichy,Public Health (Hospitals/Clinics),3600000,2160000,2024-01-30,In Progress,66,TN Highway Dept,Balaji Enterprises,General,11.88469,78.01726
MPLAD-TA-2023-1176,Tamil Nadu,Madurai,M. K. Anbazhagan,Procurement of portable solar lanterns for high-altitude village hamlets in Madurai,Non-conventional Energy (Solar lights),500000,400000,2023-09-01,In Progress,68,Coimbatore Municipal Corporation,Balaji Enterprises,General,11.9119,78.558
MPLAD-TA-2025-1177,Tamil Nadu,Coimbatore,R. Thangavelu,Construction of small pedestrian over-bridge across local stream in Coimbatore,"Roads, Pathways & Bridges",4400000,3520000,2025-03-14,In Progress,85,TN Highway Dept,Siddharth Construction Group,General,12.02781,78.78117
MPLAD-TA-2026-1178,Tamil Nadu,Trichy,R. Thangavelu,Renovation and roofing repair of local community cultural assembly center in Trichy,Community Assets (Halls/Shelters),2400000,1440000,2026-01-28,In Progress,53,TN Highway Dept,Vardhan Infrastructure & Sons,General,9.82881,78.24962
MPLAD-TA-2024-1179,Tamil Nadu,Madurai,K. Srinivasan,Development of shaded public resting park with seating benches and pathways in Madurai,Community Assets (Halls/Shelters),4500000,4500000,2024-09-09,Completed,100,TN Highway Dept,A-1 Builders Ltd,Scheduled Tribe (ST),11.25057,77.51154
MPLAD-TA-2024-1180,Tamil Nadu,Trichy,P. Selvam,Construction of additional classrooms in government higher secondary school in Trichy,Education (School infrastructure/Libraries),3300000,1980000,2024-01-12,In Progress,61,Coimbatore Municipal Corporation,Balaji Enterprises,General,10.75634,78.23888
MPLAD-TA-2024-1181,Tamil Nadu,Coimbatore,P. Selvam,Construction of multipurpose community hall for public social functions in Coimbatore,Community Assets (Halls/Shelters),3700000,3700000,2024-03-09,Completed,100,TN Highway Dept,Global Contracting & Co.,General,11.18266,79.99437
MPLAD-TA-2026-1182,Tamil Nadu,Salem,R. Thangavelu,Supply and installation of open-air gymnasium equipment in public park in Salem,Sports Infrastructure (Playgrounds/Gyms),2400000,1440000,2026-05-27,In Progress,34,Salem District Development Agency,Vardhan Infrastructure & Sons,General,11.81597,79.16277
MPLAD-TA-2025-1183,Tamil Nadu,Madurai,R. Thangavelu,Establishment of digital computer lab with 15 workstations in public school in Madurai,Education (School infrastructure/Libraries),2300000,1380000,2025-02-01,In Progress,79,Salem District Development Agency,Siddharth Construction Group,Scheduled Tribe (ST),10.12183,79.11496
MPLAD-TA-2025-1184,Tamil Nadu,Madurai,P. Selvam,Provision of mobile medical health unit vehicle with essential diagnostic tools in Madurai,Public Health (Hospitals/Clinics),1800000,1800000,2025-07-17,Completed,100,Madurai City Corporation,Balaji Enterprises,Scheduled Caste (SC),12.36383,79.41385
MPLAD-TA-2024-1185,Tamil Nadu,Madurai,K. Srinivasan,Construction of concrete storm water drain and sewage channel in Madurai,Sanitation & Public Health,2400000,2400000,2024-11-07,Completed,100,Madurai City Corporation,Elite Infrastructure Group,General,10.14196,79.48386
MPLAD-TA-2024-1186,Tamil Nadu,Madurai,R. Thangavelu,Construction of CC road and brick pavement linking main highway to village in Madurai,"Roads, Pathways & Bridges",3400000,2720000,2024-10-03,In Progress,63,Madurai City Corporation,Metro Urban Projects,General,10.17701,77.69851
MPLAD-TA-2024-1187,Tamil Nadu,Chennai,P. Selvam,Construction of multipurpose community hall for public social functions in Chennai,Community Assets (Halls/Shelters),3600000,1440000,2024-03-08,In Progress,95,Madurai City Corporation,Pioneer Engineering,Scheduled Caste (SC),11.45868,79.64194
MPLAD-TA-2023-1188,Tamil Nadu,Salem,P. Selvam,Provision of mobile medical health unit vehicle with essential diagnostic tools in Salem,Public Health (Hospitals/Clinics),2400000,1920000,2023-09-30,In Progress,74,Coimbatore Municipal Corporation,Siddharth Construction Group,General,11.66935,79.81001
MPLAD-TA-2026-1189,Tamil Nadu,Coimbatore,P. Selvam,Extension of water pipeline networks in uncovered slums in Coimbatore,Drinking Water Facility,1700000,0,2026-03-11,Sanctioned but not started,0,Coimbatore Municipal Corporation,A-1 Builders Ltd,General,10.39518,78.80835
MPLAD-TA-2026-1190,Tamil Nadu,Madurai,S. Ramachandran,Construction of passenger waiting shelter at central district bus stand in Madurai,Community Assets (Halls/Shelters),4200000,1680000,2026-03-29,In Progress,17,Salem District Development Agency,Apex Infrastructure,General,10.49205,79.19336
MPLAD-UT-2024-1191,Uttar Pradesh,Prayagraj,Vipin Mishra,Construction of concrete basketball court with standard seating gallery in Prayagraj,Sports Infrastructure (Playgrounds/Gyms),2800000,1680000,2024-06-30,In Progress,85,Lucknow Development Authority,Metro Urban Projects,General,26.28378,80.7025
MPLAD-UT-2024-1192,Uttar Pradesh,Lucknow,Vipin Mishra,Development of shaded public resting park with seating benches and pathways in Lucknow,Community Assets (Halls/Shelters),4400000,2640000,2024-10-21,In Progress,76,Varanasi Municipal Corporation,Global Contracting & Co.,Scheduled Caste (SC),26.64021,80.30098
MPLAD-UT-2025-1193,Uttar Pradesh,Prayagraj,Akhilesh Yadav,Supply and installation of RO drinking water purification plant in public spaces in Prayagraj,Drinking Water Facility,1500000,1500000,2025-06-06,Completed,100,Gorakhpur Development Authority,Global Contracting & Co.,Scheduled Caste (SC),25.48637,79.85467
MPLAD-UT-2025-1194,Uttar Pradesh,Prayagraj,Vipin Mishra,Procurement and supply of critical care medical equipment for primary health center in Prayagraj,Public Health (Hospitals/Clinics),3500000,3500000,2025-01-25,Completed,100,Kanpur PWD,Om Shanti Developers,General,25.96255,82.37208
MPLAD-UT-2026-1195,Uttar Pradesh,Kanpur Nagar,Vipin Mishra,Provision of sports equipment and fitness kits for youth community center in Kanpur Nagar,Sports Infrastructure (Playgrounds/Gyms),2700000,1080000,2026-01-20,In Progress,78,Kanpur PWD,Vardhan Infrastructure & Sons,General,27.56422,82.11941
MPLAD-UT-2024-1196,Uttar Pradesh,Lucknow,Yogi Sharan,Development of public sports playground with jogging track and fencing in Lucknow,Sports Infrastructure (Playgrounds/Gyms),2800000,2240000,2024-01-16,In Progress,95,Kanpur PWD,Global Contracting & Co.,General,27.01811,79.94956
MPLAD-UT-2026-1197,Uttar Pradesh,Prayagraj,Yogi Sharan,Provision of modern bio-toilets in public high school premises in Prayagraj,Sanitation & Public Health,2800000,2240000,2026-02-26,In Progress,87,Kanpur PWD,Elite Infrastructure Group,General,27.72608,80.8603
MPLAD-UT-2025-1198,Uttar Pradesh,Gorakhpur,Manoj Tiwari,Provisioning of 500L drinking water tank in public primary school in Gorakhpur,Drinking Water Facility,1200000,1200000,2025-02-21,Completed,100,Kanpur PWD,A-1 Builders Ltd,Scheduled Caste (SC),26.48785,81.94936
MPLAD-UT-2023-1199,Uttar Pradesh,Varanasi,Yogi Sharan,Extension of water pipeline networks in uncovered slums in Varanasi,Drinking Water Facility,1000000,1000000,2023-10-09,Completed,100,Lucknow Development Authority,A-1 Builders Ltd,Scheduled Caste (SC),28.10375,79.70706
MPLAD-UT-2024-1200,Uttar Pradesh,Kanpur Nagar,Rajesh Singh,Provision of solar-powered water pumping system for municipal green parks in Kanpur Nagar,Non-conventional Energy (Solar lights),1700000,1700000,2024-03-04,Completed,100,UP Jal Nigam,Siddharth Construction Group,Scheduled Caste (SC),27.23764,80.76109
MPLAD-UT-2024-1201,Uttar Pradesh,Kanpur Nagar,Manoj Tiwari,Supply and installation of integrated solar-powered LED street lights in dark spots in Kanpur Nagar,Non-conventional Energy (Solar lights),1500000,1500000,2024-02-28,Completed,100,Kanpur PWD,Balaji Enterprises,General,25.6559,82.47854
MPLAD-UT-2023-1202,Uttar Pradesh,Kanpur Nagar,Yogi Sharan,Construction of additional classrooms in government higher secondary school in Kanpur Nagar,Education (School infrastructure/Libraries),3900000,3900000,2023-07-17,Completed,100,Varanasi Municipal Corporation,Elite Infrastructure Group,General,27.3205,81.13334
MPLAD-UT-2024-1203,Uttar Pradesh,Gorakhpur,Manoj Tiwari,Repair and renovation of boundary wall and roofing of government primary school in Gorakhpur,Education (School infrastructure/Libraries),2600000,2600000,2024-04-13,Completed,100,Varanasi Municipal Corporation,Global Contracting & Co.,General,28.11223,81.67507
MPLAD-UT-2023-1204,Uttar Pradesh,Lucknow,Rajesh Singh,Provision of clean drinking water overhead tank of 10000 liters capacity in Lucknow,Drinking Water Facility,800000,480000,2023-10-16,In Progress,62,Kanpur PWD,Om Shanti Developers,Scheduled Caste (SC),27.31607,82.11664
MPLAD-UT-2024-1205,Uttar Pradesh,Varanasi,Rajesh Singh,Construction of passenger waiting shelter at central district bus stand in Varanasi,Community Assets (Halls/Shelters),3200000,2560000,2024-08-18,In Progress,68,Kanpur PWD,Sai Ram Constructions,General,26.00248,82.24919
MPLAD-UT-2024-1206,Uttar Pradesh,Gorakhpur,Akhilesh Yadav,Supply and installation of open-air gymnasium equipment in public park in Gorakhpur,Sports Infrastructure (Playgrounds/Gyms),1900000,1900000,2024-03-20,Completed,100,Gorakhpur Development Authority,Metro Urban Projects,General,25.96313,80.4015
MPLAD-UT-2026-1207,Uttar Pradesh,Lucknow,Yogi Sharan,Interlocking tiles paving and repair of street internal pathways in Lucknow,"Roads, Pathways & Bridges",3200000,1280000,2026-03-12,Sanctioned but not started,0,Gorakhpur Development Authority,Vardhan Infrastructure & Sons,General,26.44346,81.07339
MPLAD-UT-2026-1208,Uttar Pradesh,Kanpur Nagar,Manoj Tiwari,Setting up of solar power backup grid for public health clinic emergency room in Kanpur Nagar,Public Health (Hospitals/Clinics),2000000,800000,2026-01-25,In Progress,84,Varanasi Municipal Corporation,Sai Ram Constructions,General,27.87262,79.93306
MPLAD-UT-2026-1209,Uttar Pradesh,Kanpur Nagar,Rajesh Singh,Installation of hybrid solar lighting systems in government office compounds in Kanpur Nagar,Non-conventional Energy (Solar lights),1300000,0,2026-05-21,Sanctioned but not started,0,Gorakhpur Development Authority,Sai Ram Constructions,General,25.91001,81.44012
MPLAD-UT-2025-1210,Uttar Pradesh,Kanpur Nagar,Akhilesh Yadav,Construction of additional classrooms in government higher secondary school in Kanpur Nagar,Education (School infrastructure/Libraries),2300000,2300000,2025-07-12,Completed,100,Lucknow Development Authority,Om Shanti Developers,General,27.10877,82.12086
MPLAD-UT-2025-1211,Uttar Pradesh,Varanasi,Yogi Sharan,Repair and renovation of boundary wall and roofing of government primary school in Varanasi,Education (School infrastructure/Libraries),2100000,2100000,2025-04-12,Completed,100,Gorakhpur Development Authority,A-1 Builders Ltd,General,25.93542,80.07007
MPLAD-UT-2024-1212,Uttar Pradesh,Lucknow,Manoj Tiwari,Repair and renovation of boundary wall and roofing of government primary school in Lucknow,Education (School infrastructure/Libraries),4400000,4400000,2024-10-03,Completed,100,Varanasi Municipal Corporation,Balaji Enterprises,General,27.62654,80.64199
MPLAD-UT-2026-1213,Uttar Pradesh,Gorakhpur,Akhilesh Yadav,Provision of mobile medical health unit vehicle with essential diagnostic tools in Gorakhpur,Public Health (Hospitals/Clinics),3100000,2480000,2026-03-15,In Progress,6,UP Jal Nigam,Elite Infrastructure Group,General,27.58489,80.4607
MPLAD-UT-2024-1214,Uttar Pradesh,Varanasi,Akhilesh Yadav,Supply and installation of integrated solar-powered LED street lights in dark spots in Varanasi,Non-conventional Energy (Solar lights),1400000,1400000,2024-08-27,Completed,100,UP Jal Nigam,Dynamic Construction Corp,General,25.34866,81.15993
MPLAD-UT-2025-1215,Uttar Pradesh,Gorakhpur,Yogi Sharan,Construction of outpatient department (OPD) extension hall in community hospital in Gorakhpur,Public Health (Hospitals/Clinics),2100000,1680000,2025-04-06,In Progress,84,Kanpur PWD,Global Contracting & Co.,General,26.7979,81.46382
MPLAD-UT-2025-1216,Uttar Pradesh,Prayagraj,Akhilesh Yadav,Construction of concrete boundary wall around central public burial ground in Prayagraj,Community Assets (Halls/Shelters),2000000,1600000,2025-05-22,In Progress,68,Kanpur PWD,Metro Urban Projects,General,26.76495,82.2507
MPLAD-UT-2023-1217,Uttar Pradesh,Gorakhpur,Rajesh Singh,Installation of high-capacity borewell with dual pump in rural habitations in Gorakhpur,Drinking Water Facility,1800000,720000,2023-09-08,In Progress,86,Gorakhpur Development Authority,Vardhan Infrastructure & Sons,General,25.9943,81.62151
MPLAD-UT-2026-1218,Uttar Pradesh,Lucknow,Vipin Mishra,Development of shaded public resting park with seating benches and pathways in Lucknow,Community Assets (Halls/Shelters),1600000,1600000,2026-02-14,Completed,100,Gorakhpur Development Authority,A-1 Builders Ltd,General,25.31984,81.15493
MPLAD-UT-2023-1219,Uttar Pradesh,Lucknow,Rajesh Singh,Renovation and upgradation of pediatric ward in district hospital in Lucknow,Public Health (Hospitals/Clinics),2400000,2400000,2023-07-06,Completed,100,Gorakhpur Development Authority,Siddharth Construction Group,General,27.3221,81.9185
MPLAD-UT-2026-1220,Uttar Pradesh,Varanasi,Rajesh Singh,Upgradation of village mud road into metalled road with proper drainage in Varanasi,"Roads, Pathways & Bridges",2100000,1260000,2026-05-14,In Progress,22,Lucknow Development Authority,Pioneer Engineering,Scheduled Caste (SC),25.53706,82.37789
MPLAD-UT-2023-1221,Uttar Pradesh,Kanpur Nagar,Yogi Sharan,Construction of library building and provision of educational furniture in Kanpur Nagar,Education (School infrastructure/Libraries),3600000,3600000,2023-11-13,Completed,100,Varanasi Municipal Corporation,Vardhan Infrastructure & Sons,General,27.57876,79.7805
MPLAD-UT-2023-1222,Uttar Pradesh,Kanpur Nagar,Manoj Tiwari,Construction of multipurpose community hall for public social functions in Kanpur Nagar,Community Assets (Halls/Shelters),3500000,3500000,2023-06-20,Completed,100,Gorakhpur Development Authority,Dynamic Construction Corp,General,25.54806,82.03599
MPLAD-UT-2026-1223,Uttar Pradesh,Prayagraj,Yogi Sharan,Provision of clean drinking water overhead tank of 10000 liters capacity in Prayagraj,Drinking Water Facility,800000,800000,2026-01-29,Completed,100,Lucknow Development Authority,A-1 Builders Ltd,General,28.07248,81.55329
MPLAD-UT-2025-1224,Uttar Pradesh,Prayagraj,Yogi Sharan,Provision of clean drinking water overhead tank of 10000 liters capacity in Prayagraj,Drinking Water Facility,1800000,1440000,2025-03-06,In Progress,73,Gorakhpur Development Authority,Dynamic Construction Corp,General,27.55676,81.63813
MPLAD-UT-2025-1225,Uttar Pradesh,Kanpur Nagar,Rajesh Singh,Metalling and resurfacing of approach road to agriculture cooperative market in Kanpur Nagar,"Roads, Pathways & Bridges",2200000,2200000,2025-08-05,Completed,100,UP Jal Nigam,Metro Urban Projects,General,26.29519,81.76683
MPLAD-UT-2025-1226,Uttar Pradesh,Varanasi,Rajesh Singh,Development of public sports playground with jogging track and fencing in Varanasi,Sports Infrastructure (Playgrounds/Gyms),1300000,520000,2025-11-12,In Progress,83,Gorakhpur Development Authority,Balaji Enterprises,General,27.11551,81.3416
MPLAD-UT-2025-1227,Uttar Pradesh,Gorakhpur,Manoj Tiwari,Supply and installation of RO drinking water purification plant in public spaces in Gorakhpur,Drinking Water Facility,1700000,1700000,2025-12-09,Completed,100,UP Jal Nigam,Global Contracting & Co.,Scheduled Tribe (ST),26.36743,82.32343
MPLAD-UT-2025-1228,Uttar Pradesh,Kanpur Nagar,Vipin Mishra,Supply and installation of integrated solar-powered LED street lights in dark spots in Kanpur Nagar,Non-conventional Energy (Solar lights),1700000,680000,2025-01-25,In Progress,64,Gorakhpur Development Authority,Sai Ram Constructions,General,25.76266,81.63503
MPLAD-UT-2023-1229,Uttar Pradesh,Varanasi,Manoj Tiwari,Development of public sports playground with jogging track and fencing in Varanasi,Sports Infrastructure (Playgrounds/Gyms),1200000,1200000,2023-06-11,Completed,100,UP Jal Nigam,Elite Infrastructure Group,Scheduled Caste (SC),26.37975,80.3093
MPLAD-UT-2026-1230,Uttar Pradesh,Varanasi,Rajesh Singh,Installation of hybrid solar lighting systems in government office compounds in Varanasi,Non-conventional Energy (Solar lights),1300000,520000,2026-04-15,In Progress,6,Varanasi Municipal Corporation,Apex Infrastructure,General,26.36174,79.77919
MPLAD-UT-2025-1231,Uttar Pradesh,Gorakhpur,Akhilesh Yadav,Supply and installation of RO drinking water purification plant in public spaces in Gorakhpur,Drinking Water Facility,1100000,440000,2025-08-03,In Progress,95,Kanpur PWD,Om Shanti Developers,Scheduled Caste (SC),26.86331,81.55595
MPLAD-UT-2024-1232,Uttar Pradesh,Varanasi,Vipin Mishra,Provision of mobile medical health unit vehicle with essential diagnostic tools in Varanasi,Public Health (Hospitals/Clinics),3000000,1800000,2024-03-25,In Progress,70,UP Jal Nigam,Sai Ram Constructions,General,26.56331,80.95269
MPLAD-UT-2024-1233,Uttar Pradesh,Lucknow,Akhilesh Yadav,Repair and renovation of boundary wall and roofing of government primary school in Lucknow,Education (School infrastructure/Libraries),3400000,3400000,2024-07-05,Completed,100,UP Jal Nigam,Apex Infrastructure,General,25.70647,79.5203
MPLAD-UT-2025-1234,Uttar Pradesh,Kanpur Nagar,Akhilesh Yadav,Setting up of centralized solar micro-grid for rural electrification in Kanpur Nagar,Non-conventional Energy (Solar lights),1200000,1200000,2025-04-16,Completed,100,Gorakhpur Development Authority,Vardhan Infrastructure & Sons,General,28.22268,79.90837
MPLAD-UT-2025-1235,Uttar Pradesh,Prayagraj,Yogi Sharan,Development of shaded public resting park with seating benches and pathways in Prayagraj,Community Assets (Halls/Shelters),2000000,2000000,2025-08-24,Completed,100,Varanasi Municipal Corporation,Sai Ram Constructions,General,27.50462,81.39871
MPLAD-UT-2025-1236,Uttar Pradesh,Gorakhpur,Vipin Mishra,Setting up of centralized solar micro-grid for rural electrification in Gorakhpur,Non-conventional Energy (Solar lights),1800000,1800000,2025-08-13,Completed,100,UP Jal Nigam,Apex Infrastructure,General,28.0962,80.0994
MPLAD-UT-2024-1237,Uttar Pradesh,Gorakhpur,Vipin Mishra,Extension of water pipeline networks in uncovered slums in Gorakhpur,Drinking Water Facility,1600000,1600000,2024-08-03,Completed,100,Gorakhpur Development Authority,Sai Ram Constructions,General,27.79385,79.70748
MPLAD-UT-2024-1238,Uttar Pradesh,Kanpur Nagar,Manoj Tiwari,Construction of outpatient department (OPD) extension hall in community hospital in Kanpur Nagar,Public Health (Hospitals/Clinics),2300000,2300000,2024-04-11,Completed,100,Varanasi Municipal Corporation,Pioneer Engineering,General,27.66723,79.7219
MPLAD-UT-2025-1239,Uttar Pradesh,Gorakhpur,Manoj Tiwari,Procurement of portable solar lanterns for high-altitude village hamlets in Gorakhpur,Non-conventional Energy (Solar lights),1300000,780000,2025-10-04,In Progress,80,Gorakhpur Development Authority,Siddharth Construction Group,General,27.9865,81.11072
MPLAD-UT-2023-1240,Uttar Pradesh,Lucknow,Rajesh Singh,Supply and installation of open-air gymnasium equipment in public park in Lucknow,Sports Infrastructure (Playgrounds/Gyms),3000000,3000000,2023-08-30,Completed,100,Varanasi Municipal Corporation,Vardhan Infrastructure & Sons,General,27.33242,80.69885
MPLAD-UT-2024-1241,Uttar Pradesh,Prayagraj,Manoj Tiwari,Installation of high-capacity borewell with dual pump in rural habitations in Prayagraj,Drinking Water Facility,900000,900000,2024-08-28,Completed,100,Lucknow Development Authority,Siddharth Construction Group,Scheduled Tribe (ST),26.85639,81.24155
MPLAD-UT-2026-1242,Uttar Pradesh,Gorakhpur,Vipin Mishra,Provision of sports equipment and fitness kits for youth community center in Gorakhpur,Sports Infrastructure (Playgrounds/Gyms),2400000,0,2026-03-21,Sanctioned but not started,0,Kanpur PWD,Elite Infrastructure Group,Scheduled Tribe (ST),25.61365,80.74793
MPLAD-UT-2025-1243,Uttar Pradesh,Lucknow,Rajesh Singh,Construction of concrete basketball court with standard seating gallery in Lucknow,Sports Infrastructure (Playgrounds/Gyms),2000000,1200000,2025-12-19,In Progress,63,Varanasi Municipal Corporation,Balaji Enterprises,Scheduled Caste (SC),26.72849,80.8145
MPLAD-UT-2024-1244,Uttar Pradesh,Kanpur Nagar,Akhilesh Yadav,Procurement and supply of critical care medical equipment for primary health center in Kanpur Nagar,Public Health (Hospitals/Clinics),4000000,3200000,2024-01-22,In Progress,81,Lucknow Development Authority,Apex Infrastructure,General,27.33142,79.99306
MPLAD-UT-2025-1245,Uttar Pradesh,Varanasi,Yogi Sharan,Construction of small pedestrian over-bridge across local stream in Varanasi,"Roads, Pathways & Bridges",3200000,3200000,2025-10-21,Completed,100,Varanasi Municipal Corporation,Global Contracting & Co.,General,27.69327,81.38928
MPLAD-UT-2025-1246,Uttar Pradesh,Varanasi,Manoj Tiwari,Provisioning of 500L drinking water tank in public primary school in Varanasi,Drinking Water Facility,800000,800000,2025-12-07,Completed,100,Kanpur PWD,Pioneer Engineering,Scheduled Tribe (ST),25.31335,80.14439
MPLAD-UT-2025-1247,Uttar Pradesh,Prayagraj,Rajesh Singh,Upgradation of sanitation facilities and public latrines in commercial market in Prayagraj,Sanitation & Public Health,1500000,1500000,2025-06-19,Completed,100,Gorakhpur Development Authority,Global Contracting & Co.,General,26.67265,80.28706
MPLAD-UT-2024-1248,Uttar Pradesh,Kanpur Nagar,Yogi Sharan,Procurement of portable solar lanterns for high-altitude village hamlets in Kanpur Nagar,Non-conventional Energy (Solar lights),1100000,1100000,2024-01-20,Completed,100,UP Jal Nigam,Balaji Enterprises,Scheduled Tribe (ST),27.83655,81.35209
MPLAD-UT-2024-1249,Uttar Pradesh,Prayagraj,Yogi Sharan,Provision of modern bio-toilets in public high school premises in Prayagraj,Sanitation & Public Health,2000000,800000,2024-01-28,In Progress,79,Gorakhpur Development Authority,Dynamic Construction Corp,Scheduled Tribe (ST),26.41992,79.92408
MPLAD-UT-2025-1250,Uttar Pradesh,Kanpur Nagar,Manoj Tiwari,Metalling and resurfacing of approach road to agriculture cooperative market in Kanpur Nagar,"Roads, Pathways & Bridges",2700000,2160000,2025-10-14,In Progress,61,Gorakhpur Development Authority,Metro Urban Projects,Scheduled Caste (SC),27.3803,81.43578
MPLAD-UT-2024-1251,Uttar Pradesh,Varanasi,Yogi Sharan,Development of shaded public resting park with seating benches and pathways in Varanasi,Community Assets (Halls/Shelters),1900000,1900000,2024-06-18,Completed,100,Varanasi Municipal Corporation,Elite Infrastructure Group,General,27.15823,82.09657
MPLAD-UT-2026-1252,Uttar Pradesh,Lucknow,Manoj Tiwari,Repair and renovation of boundary wall and roofing of government primary school in Lucknow,Education (School infrastructure/Libraries),4500000,3600000,2026-04-01,In Progress,26,Varanasi Municipal Corporation,Elite Infrastructure Group,General,26.54689,82.01968
MPLAD-UT-2023-1253,Uttar Pradesh,Kanpur Nagar,Vipin Mishra,Provision of clean drinking water overhead tank of 10000 liters capacity in Kanpur Nagar,Drinking Water Facility,900000,900000,2023-08-06,Completed,100,Lucknow Development Authority,Global Contracting & Co.,Scheduled Caste (SC),26.91283,80.00463
MPLAD-UT-2024-1254,Uttar Pradesh,Kanpur Nagar,Yogi Sharan,Upgradation of sanitation facilities and public latrines in commercial market in Kanpur Nagar,Sanitation & Public Health,1300000,1300000,2024-11-30,Completed,100,Kanpur PWD,Balaji Enterprises,General,26.92613,81.77036
MPLAD-UT-2024-1255,Uttar Pradesh,Kanpur Nagar,Yogi Sharan,Supply and installation of integrated solar-powered LED street lights in dark spots in Kanpur Nagar,Non-conventional Energy (Solar lights),1600000,1600000,2024-10-19,Completed,100,Varanasi Municipal Corporation,A-1 Builders Ltd,General,26.6492,80.54573
MPLAD-UT-2025-1256,Uttar Pradesh,Lucknow,Manoj Tiwari,Establishment of digital computer lab with 15 workstations in public school in Lucknow,Education (School infrastructure/Libraries),4000000,4000000,2025-05-19,Completed,100,Lucknow Development Authority,Om Shanti Developers,General,27.19831,79.99794
MPLAD-UT-2026-1257,Uttar Pradesh,Varanasi,Vipin Mishra,Provisioning of 500L drinking water tank in public primary school in Varanasi,Drinking Water Facility,1000000,800000,2026-05-26,In Progress,38,Varanasi Municipal Corporation,Dynamic Construction Corp,Scheduled Tribe (ST),26.27096,81.61216
MPLAD-UT-2023-1258,Uttar Pradesh,Prayagraj,Yogi Sharan,Provision of modern bio-toilets in public high school premises in Prayagraj,Sanitation & Public Health,2300000,2300000,2023-09-30,Completed,100,UP Jal Nigam,Vardhan Infrastructure & Sons,General,25.68066,82.09824
MPLAD-UT-2024-1259,Uttar Pradesh,Varanasi,Vipin Mishra,Repair and renovation of boundary wall and roofing of government primary school in Varanasi,Education (School infrastructure/Libraries),3000000,3000000,2024-03-18,Completed,100,UP Jal Nigam,Vardhan Infrastructure & Sons,General,26.10615,80.74268
MPLAD-UT-2024-1260,Uttar Pradesh,Kanpur Nagar,Rajesh Singh,Procurement of portable solar lanterns for high-altitude village hamlets in Kanpur Nagar,Non-conventional Energy (Solar lights),1600000,1600000,2024-12-21,Completed,100,Lucknow Development Authority,Balaji Enterprises,General,26.66409,80.96413
MPLAD-UT-2023-1261,Uttar Pradesh,Gorakhpur,Rajesh Singh,Development of shaded public resting park with seating benches and pathways in Gorakhpur,Community Assets (Halls/Shelters),4200000,4200000,2023-10-08,Completed,100,Lucknow Development Authority,Pioneer Engineering,General,25.95349,80.78893
MPLAD-UT-2024-1262,Uttar Pradesh,Varanasi,Manoj Tiwari,Construction of concrete basketball court with standard seating gallery in Varanasi,Sports Infrastructure (Playgrounds/Gyms),2000000,2000000,2024-02-23,Completed,100,UP Jal Nigam,Elite Infrastructure Group,Scheduled Tribe (ST),27.66491,82.18246
MPLAD-UT-2024-1263,Uttar Pradesh,Lucknow,Rajesh Singh,Construction of multipurpose community hall for public social functions in Lucknow,Community Assets (Halls/Shelters),1800000,1800000,2024-04-19,Completed,100,Lucknow Development Authority,Elite Infrastructure Group,General,25.30203,82.3741
MPLAD-UT-2025-1264,Uttar Pradesh,Varanasi,Vipin Mishra,Construction of small pedestrian over-bridge across local stream in Varanasi,"Roads, Pathways & Bridges",1700000,1700000,2025-06-08,Completed,100,UP Jal Nigam,Apex Infrastructure,General,26.41553,82.2114
MPLAD-UT-2023-1265,Uttar Pradesh,Varanasi,Rajesh Singh,Construction of outpatient department (OPD) extension hall in community hospital in Varanasi,Public Health (Hospitals/Clinics),2800000,2800000,2023-12-04,Completed,100,Kanpur PWD,Apex Infrastructure,Scheduled Caste (SC),25.30326,80.93042
MPLAD-UT-2025-1266,Uttar Pradesh,Varanasi,Yogi Sharan,Construction of multipurpose community hall for public social functions in Varanasi,Community Assets (Halls/Shelters),1500000,1200000,2025-05-04,In Progress,87,Varanasi Municipal Corporation,Dynamic Construction Corp,General,26.7331,80.18684
MPLAD-UT-2024-1267,Uttar Pradesh,Lucknow,Rajesh Singh,Construction of concrete basketball court with standard seating gallery in Lucknow,Sports Infrastructure (Playgrounds/Gyms),1900000,1900000,2024-03-07,Completed,100,Lucknow Development Authority,Dynamic Construction Corp,General,27.22473,81.53141
MPLAD-UT-2024-1268,Uttar Pradesh,Lucknow,Yogi Sharan,Provisioning of 500L drinking water tank in public primary school in Lucknow,Drinking Water Facility,1500000,1500000,2024-05-02,Completed,100,Gorakhpur Development Authority,Balaji Enterprises,General,27.4673,81.38424
MPLAD-UT-2023-1269,Uttar Pradesh,Varanasi,Manoj Tiwari,Construction of passenger waiting shelter at central district bus stand in Varanasi,Community Assets (Halls/Shelters),1700000,1360000,2023-12-23,In Progress,67,Gorakhpur Development Authority,Siddharth Construction Group,General,26.4521,82.38975
MPLAD-UT-2025-1270,Uttar Pradesh,Prayagraj,Vipin Mishra,Procurement and supply of critical care medical equipment for primary health center in Prayagraj,Public Health (Hospitals/Clinics),2200000,2200000,2025-01-04,Completed,100,Varanasi Municipal Corporation,A-1 Builders Ltd,General,27.84368,81.47522
MPLAD-UT-2023-1271,Uttar Pradesh,Prayagraj,Vipin Mishra,Repair and renovation of boundary wall and roofing of government primary school in Prayagraj,Education (School infrastructure/Libraries),2400000,1440000,2023-09-20,In Progress,91,Gorakhpur Development Authority,Apex Infrastructure,Scheduled Caste (SC),26.02325,81.41425
MPLAD-UT-2025-1272,Uttar Pradesh,Lucknow,Yogi Sharan,Construction of concrete basketball court with standard seating gallery in Lucknow,Sports Infrastructure (Playgrounds/Gyms),1400000,1400000,2025-08-01,Completed,100,Lucknow Development Authority,Pioneer Engineering,Scheduled Caste (SC),26.39624,81.54883
MPLAD-UT-2024-1273,Uttar Pradesh,Kanpur Nagar,Rajesh Singh,Construction of community toilet block for women and children in Kanpur Nagar,Sanitation & Public Health,1800000,1080000,2024-08-15,In Progress,63,Lucknow Development Authority,Metro Urban Projects,Scheduled Caste (SC),26.15946,81.63789
MPLAD-UT-2024-1274,Uttar Pradesh,Kanpur Nagar,Manoj Tiwari,Upgradation of sanitation facilities and public latrines in commercial market in Kanpur Nagar,Sanitation & Public Health,2700000,2700000,2024-04-08,Completed,100,Kanpur PWD,Apex Infrastructure,Scheduled Caste (SC),26.22972,81.03391
MPLAD-UT-2023-1275,Uttar Pradesh,Varanasi,Vipin Mishra,Provision of sports equipment and fitness kits for youth community center in Varanasi,Sports Infrastructure (Playgrounds/Gyms),2800000,2800000,2023-10-14,Completed,100,Gorakhpur Development Authority,Siddharth Construction Group,General,26.61246,82.36028
MPLAD-UT-2025-1276,Uttar Pradesh,Varanasi,Rajesh Singh,Procurement of automated solid waste collection vehicles for municipality in Varanasi,Sanitation & Public Health,1300000,1040000,2025-12-15,In Progress,49,Varanasi Municipal Corporation,Siddharth Construction Group,General,27.27416,80.02694
MPLAD-UT-2025-1277,Uttar Pradesh,Lucknow,Vipin Mishra,Interlocking tiles paving and repair of street internal pathways in Lucknow,"Roads, Pathways & Bridges",4500000,4500000,2025-05-11,Completed,100,Lucknow Development Authority,Metro Urban Projects,Scheduled Caste (SC),27.64896,81.6623
MPLAD-UT-2023-1278,Uttar Pradesh,Varanasi,Akhilesh Yadav,Procurement and supply of critical care medical equipment for primary health center in Varanasi,Public Health (Hospitals/Clinics),3900000,3900000,2023-07-31,Completed,100,Varanasi Municipal Corporation,Pioneer Engineering,General,26.11594,79.69162
MPLAD-UT-2023-1279,Uttar Pradesh,Gorakhpur,Rajesh Singh,Renovation and roofing repair of local community cultural assembly center in Gorakhpur,Community Assets (Halls/Shelters),2600000,2600000,2023-09-22,Completed,100,Kanpur PWD,Om Shanti Developers,General,25.80064,79.97193
MPLAD-UT-2023-1280,Uttar Pradesh,Lucknow,Yogi Sharan,Provision of science laboratory equipment and student seating benches in Lucknow,Education (School infrastructure/Libraries),1500000,600000,2023-08-30,In Progress,75,Lucknow Development Authority,Elite Infrastructure Group,Scheduled Caste (SC),26.39193,82.26068
MPLAD-UT-2024-1281,Uttar Pradesh,Varanasi,Rajesh Singh,Provision of solar-powered water pumping system for municipal green parks in Varanasi,Non-conventional Energy (Solar lights),1000000,1000000,2024-10-21,Completed,100,Gorakhpur Development Authority,Siddharth Construction Group,Scheduled Caste (SC),26.25981,81.97799
MPLAD-UT-2026-1282,Uttar Pradesh,Gorakhpur,Akhilesh Yadav,Provision of clean drinking water overhead tank of 10000 liters capacity in Gorakhpur,Drinking Water Facility,800000,0,2026-04-22,Sanctioned but not started,0,Lucknow Development Authority,Elite Infrastructure Group,General,27.8981,81.82058
MPLAD-UT-2024-1283,Uttar Pradesh,Prayagraj,Akhilesh Yadav,Construction of multipurpose community hall for public social functions in Prayagraj,Community Assets (Halls/Shelters),2600000,2600000,2024-07-15,Completed,100,Lucknow Development Authority,Om Shanti Developers,General,27.65352,81.71873
MPLAD-UT-2024-1284,Uttar Pradesh,Varanasi,Manoj Tiwari,Construction of passenger waiting shelter at central district bus stand in Varanasi,Community Assets (Halls/Shelters),3800000,2280000,2024-10-15,In Progress,60,UP Jal Nigam,A-1 Builders Ltd,General,25.99899,80.53927
MPLAD-UT-2024-1285,Uttar Pradesh,Lucknow,Akhilesh Yadav,Setting up of centralized solar micro-grid for rural electrification in Lucknow,Non-conventional Energy (Solar lights),600000,600000,2024-07-25,Completed,100,Lucknow Development Authority,Global Contracting & Co.,General,26.55945,82.38356
MPLAD-DE-2025-1286,Delhi,South Delhi,Harsh Vardhan,Provision of science laboratory equipment and student seating benches in South Delhi,Education (School infrastructure/Libraries),2800000,2800000,2025-07-02,Completed,100,NDMC,Siddharth Construction Group,General,28.47547,77.07867
MPLAD-DE-2024-1287,Delhi,North Delhi,Manoj Kumar,Extension of water pipeline networks in uncovered slums in North Delhi,Drinking Water Facility,1500000,900000,2024-02-23,In Progress,78,NDMC,Balaji Enterprises,General,28.72781,77.16789
MPLAD-DE-2024-1288,Delhi,South Delhi,Gautam Gambhir,Construction of outpatient department (OPD) extension hall in community hospital in South Delhi,Public Health (Hospitals/Clinics),1700000,680000,2024-07-20,In Progress,66,MCD West Division,Apex Infrastructure,General,28.49931,77.18982
MPLAD-DE-2025-1289,Delhi,West Delhi,Harsh Vardhan,Supply and installation of open-air gymnasium equipment in public park in West Delhi,Sports Infrastructure (Playgrounds/Gyms),2400000,2400000,2025-02-21,Completed,100,Delhi Jal Board,Sai Ram Constructions,General,28.70574,77.07713
MPLAD-DE-2023-1290,Delhi,South Delhi,Sanjay Singh,Construction of library building and provision of educational furniture in South Delhi,Education (School infrastructure/Libraries),1900000,1900000,2023-12-04,Completed,100,NDMC,Global Contracting & Co.,General,28.74052,77.16887
MPLAD-DE-2025-1291,Delhi,New Delhi,Gautam Gambhir,Construction of CC road and brick pavement linking main highway to village in New Delhi,"Roads, Pathways & Bridges",4500000,4500000,2025-09-06,Completed,100,MCD South Division,Metro Urban Projects,General,28.67442,77.12496
MPLAD-DE-2024-1292,Delhi,West Delhi,Harsh Vardhan,Construction of community toilet block for women and children in West Delhi,Sanitation & Public Health,1100000,660000,2024-08-29,In Progress,72,MCD North Division,Balaji Enterprises,General,28.65589,77.33127
MPLAD-DE-2023-1293,Delhi,New Delhi,Sanjay Singh,Procurement and supply of critical care medical equipment for primary health center in New Delhi,Public Health (Hospitals/Clinics),1500000,600000,2023-10-11,In Progress,88,Delhi Jal Board,Apex Infrastructure,Scheduled Caste (SC),28.72152,77.29881
MPLAD-DE-2025-1294,Delhi,South Delhi,Harsh Vardhan,Construction of multipurpose community hall for public social functions in South Delhi,Community Assets (Halls/Shelters),2000000,2000000,2025-11-04,Completed,100,NDMC,Elite Infrastructure Group,General,28.45884,77.25496
MPLAD-DE-2025-1295,Delhi,North Delhi,Gautam Gambhir,Construction of small pedestrian over-bridge across local stream in North Delhi,"Roads, Pathways & Bridges",2300000,1840000,2025-11-30,In Progress,32,MCD North Division,Om Shanti Developers,General,28.63509,77.24418
MPLAD-DE-2024-1296,Delhi,West Delhi,Manoj Kumar,Construction of multipurpose community hall for public social functions in West Delhi,Community Assets (Halls/Shelters),1700000,1700000,2024-12-24,Completed,100,Delhi Jal Board,Dynamic Construction Corp,General,28.57577,77.2428
MPLAD-DE-2025-1297,Delhi,East Delhi,Meenakshi Lekhi,Extension of water pipeline networks in uncovered slums in East Delhi,Drinking Water Facility,1700000,1700000,2025-06-05,Completed,100,Delhi Jal Board,Metro Urban Projects,Scheduled Caste (SC),28.68443,77.15321
MPLAD-DE-2023-1298,Delhi,East Delhi,Sanjay Singh,Setting up of centralized solar micro-grid for rural electrification in East Delhi,Non-conventional Energy (Solar lights),700000,700000,2023-07-24,Completed,100,MCD South Division,Om Shanti Developers,General,28.51571,77.31873
MPLAD-DE-2024-1299,Delhi,South Delhi,Harsh Vardhan,Renovation of community sports stadium changing rooms and facility block in South Delhi,Sports Infrastructure (Playgrounds/Gyms),1700000,1360000,2024-04-22,In Progress,75,MCD West Division,Global Contracting & Co.,General,28.52996,77.29489
MPLAD-DE-2024-1300,Delhi,New Delhi,Meenakshi Lekhi,Setting up of centralized solar micro-grid for rural electrification in New Delhi,Non-conventional Energy (Solar lights),1800000,1440000,2024-05-21,In Progress,75,Delhi Jal Board,Balaji Enterprises,General,28.69186,77.25929
MPLAD-DE-2024-1301,Delhi,East Delhi,Harsh Vardhan,Metalling and resurfacing of approach road to agriculture cooperative market in East Delhi,"Roads, Pathways & Bridges",4500000,4500000,2024-06-20,Completed,100,MCD South Division,Metro Urban Projects,General,28.54272,77.19713
MPLAD-DE-2026-1302,Delhi,New Delhi,Harsh Vardhan,Construction of additional classrooms in government higher secondary school in New Delhi,Education (School infrastructure/Libraries),3100000,2480000,2026-02-03,In Progress,51,MCD North Division,Global Contracting & Co.,General,28.69193,77.15223
MPLAD-DE-2024-1303,Delhi,North Delhi,Gautam Gambhir,Provision of clean drinking water overhead tank of 10000 liters capacity in North Delhi,Drinking Water Facility,1400000,840000,2024-03-17,In Progress,93,NDMC,Apex Infrastructure,General,28.56208,77.33258
MPLAD-DE-2024-1304,Delhi,West Delhi,Sanjay Singh,Construction of concrete basketball court with standard seating gallery in West Delhi,Sports Infrastructure (Playgrounds/Gyms),2000000,1600000,2024-03-06,In Progress,87,NDMC,Elite Infrastructure Group,General,28.64475,77.10226
MPLAD-DE-2024-1305,Delhi,East Delhi,Sanjay Singh,Provision of science laboratory equipment and student seating benches in East Delhi,Education (School infrastructure/Libraries),4100000,4100000,2024-05-25,Completed,100,MCD South Division,Sai Ram Constructions,General,28.6702,77.13836
MPLAD-DE-2024-1306,Delhi,North Delhi,Harsh Vardhan,Procurement of portable solar lanterns for high-altitude village hamlets in North Delhi,Non-conventional Energy (Solar lights),500000,500000,2024-06-07,Completed,100,Delhi Jal Board,Balaji Enterprises,Scheduled Tribe (ST),28.72631,77.34026
MPLAD-DE-2023-1307,Delhi,North Delhi,Sanjay Singh,Construction of passenger waiting shelter at central district bus stand in North Delhi,Community Assets (Halls/Shelters),2500000,1500000,2023-11-07,In Progress,82,NDMC,Dynamic Construction Corp,General,28.64086,77.33892
MPLAD-DE-2023-1308,Delhi,South Delhi,Manoj Kumar,Construction of outpatient department (OPD) extension hall in community hospital in South Delhi,Public Health (Hospitals/Clinics),2200000,2200000,2023-10-17,Completed,100,NDMC,Sai Ram Constructions,General,28.68611,77.26612
MPLAD-DE-2026-1309,Delhi,New Delhi,Manoj Kumar,Provision of solar-powered water pumping system for municipal green parks in New Delhi,Non-conventional Energy (Solar lights),1100000,880000,2026-03-06,In Progress,22,MCD West Division,Pioneer Engineering,Scheduled Caste (SC),28.48043,77.19385
MPLAD-DE-2023-1310,Delhi,East Delhi,Meenakshi Lekhi,Construction of multipurpose community hall for public social functions in East Delhi,Community Assets (Halls/Shelters),4000000,4000000,2023-08-08,Completed,100,MCD North Division,A-1 Builders Ltd,General,28.54562,77.3355
MPLAD-DE-2023-1311,Delhi,New Delhi,Gautam Gambhir,Provision of solar-powered water pumping system for municipal green parks in New Delhi,Non-conventional Energy (Solar lights),1600000,1600000,2023-11-01,Completed,100,MCD North Division,Apex Infrastructure,General,28.55139,77.34558
MPLAD-DE-2025-1312,Delhi,West Delhi,Harsh Vardhan,Metalling and resurfacing of approach road to agriculture cooperative market in West Delhi,"Roads, Pathways & Bridges",4300000,1720000,2025-11-06,In Progress,33,MCD West Division,Balaji Enterprises,General,28.51167,77.107
MPLAD-DE-2023-1313,Delhi,East Delhi,Sanjay Singh,Provision of mobile medical health unit vehicle with essential diagnostic tools in East Delhi,Public Health (Hospitals/Clinics),2200000,1760000,2023-12-14,In Progress,85,MCD South Division,Metro Urban Projects,General,28.70196,77.09608
MPLAD-DE-2026-1314,Delhi,South Delhi,Harsh Vardhan,Construction of concrete storm water drain and sewage channel in South Delhi,Sanitation & Public Health,3000000,1200000,2026-02-08,In Progress,36,MCD West Division,Global Contracting & Co.,Scheduled Tribe (ST),28.50125,77.13754
MPLAD-DE-2026-1315,Delhi,New Delhi,Manoj Kumar,Setting up of solar power backup grid for public health clinic emergency room in New Delhi,Public Health (Hospitals/Clinics),3000000,3000000,2026-02-26,Completed,100,NDMC,Apex Infrastructure,Scheduled Caste (SC),28.64256,77.16626
MPLAD-DE-2024-1316,Delhi,South Delhi,Manoj Kumar,Interlocking tiles paving and repair of street internal pathways in South Delhi,"Roads, Pathways & Bridges",1600000,1600000,2024-11-21,Completed,100,MCD South Division,Elite Infrastructure Group,General,28.52902,77.30112
MPLAD-DE-2025-1317,Delhi,East Delhi,Harsh Vardhan,Construction of community toilet block for women and children in East Delhi,Sanitation & Public Health,2100000,840000,2025-09-25,In Progress,65,MCD North Division,Pioneer Engineering,General,28.69552,77.17559
MPLAD-DE-2023-1318,Delhi,East Delhi,Manoj Kumar,Repair and renovation of boundary wall and roofing of government primary school in East Delhi,Education (School infrastructure/Libraries),2400000,2400000,2023-11-09,Completed,100,Delhi Jal Board,Siddharth Construction Group,General,28.46042,77.22137
MPLAD-DE-2025-1319,Delhi,East Delhi,Sanjay Singh,Construction of CC road and brick pavement linking main highway to village in East Delhi,"Roads, Pathways & Bridges",4500000,1800000,2025-12-06,In Progress,90,Delhi Jal Board,Global Contracting & Co.,General,28.69254,77.08786
MPLAD-DE-2024-1320,Delhi,West Delhi,Harsh Vardhan,Establishment of digital computer lab with 15 workstations in public school in West Delhi,Education (School infrastructure/Libraries),4100000,4100000,2024-11-10,Completed,100,MCD West Division,Siddharth Construction Group,General,28.72425,77.0701
MPLAD-DE-2025-1321,Delhi,West Delhi,Sanjay Singh,Construction of concrete basketball court with standard seating gallery in West Delhi,Sports Infrastructure (Playgrounds/Gyms),2600000,2080000,2025-12-25,In Progress,80,MCD West Division,Om Shanti Developers,General,28.62627,77.28451
MPLAD-DE-2023-1322,Delhi,New Delhi,Manoj Kumar,Metalling and resurfacing of approach road to agriculture cooperative market in New Delhi,"Roads, Pathways & Bridges",3300000,1980000,2023-12-23,In Progress,66,MCD North Division,Metro Urban Projects,General,28.71404,77.31337
MPLAD-DE-2024-1323,Delhi,South Delhi,Manoj Kumar,Construction of multipurpose community hall for public social functions in South Delhi,Community Assets (Halls/Shelters),2000000,2000000,2024-12-16,Completed,100,MCD West Division,Dynamic Construction Corp,General,28.63547,77.25424
MPLAD-DE-2026-1324,Delhi,West Delhi,Harsh Vardhan,Supply and installation of open-air gymnasium equipment in public park in West Delhi,Sports Infrastructure (Playgrounds/Gyms),1100000,1100000,2026-01-29,Completed,100,MCD West Division,Balaji Enterprises,General,28.45607,77.29522
MPLAD-DE-2024-1325,Delhi,South Delhi,Gautam Gambhir,Construction of multipurpose community hall for public social functions in South Delhi,Community Assets (Halls/Shelters),4200000,3360000,2024-09-09,In Progress,79,MCD South Division,Elite Infrastructure Group,Scheduled Tribe (ST),28.68221,77.14626
MPLAD-DE-2025-1326,Delhi,West Delhi,Sanjay Singh,Repair and renovation of boundary wall and roofing of government primary school in West Delhi,Education (School infrastructure/Libraries),2100000,2100000,2025-09-11,Completed,100,NDMC,Metro Urban Projects,General,28.71016,77.29631
MPLAD-DE-2024-1327,Delhi,East Delhi,Meenakshi Lekhi,Renovation and upgradation of pediatric ward in district hospital in East Delhi,Public Health (Hospitals/Clinics),2700000,2700000,2024-03-04,Completed,100,NDMC,Om Shanti Developers,General,28.45868,77.10783
MPLAD-DE-2025-1328,Delhi,North Delhi,Harsh Vardhan,Extension of water pipeline networks in uncovered slums in North Delhi,Drinking Water Facility,500000,500000,2025-06-08,Completed,100,MCD North Division,Global Contracting & Co.,General,28.53219,77.29705
MPLAD-DE-2026-1329,Delhi,East Delhi,Manoj Kumar,Provision of clean drinking water overhead tank of 10000 liters capacity in East Delhi,Drinking Water Facility,1000000,1000000,2026-02-26,Completed,100,NDMC,Dynamic Construction Corp,General,28.73816,77.19237
MPLAD-DE-2023-1330,Delhi,East Delhi,Gautam Gambhir,Construction of small pedestrian over-bridge across local stream in East Delhi,"Roads, Pathways & Bridges",3800000,3800000,2023-12-03,Completed,100,MCD South Division,A-1 Builders Ltd,General,28.56597,77.09887
MPLAD-DE-2025-1331,Delhi,East Delhi,Meenakshi Lekhi,Establishment of digital computer lab with 15 workstations in public school in East Delhi,Education (School infrastructure/Libraries),2300000,1840000,2025-09-16,In Progress,85,MCD North Division,A-1 Builders Ltd,General,28.59223,77.08969
MPLAD-DE-2025-1332,Delhi,North Delhi,Sanjay Singh,Construction of library building and provision of educational furniture in North Delhi,Education (School infrastructure/Libraries),3400000,3400000,2025-02-15,Completed,100,NDMC,Siddharth Construction Group,Scheduled Caste (SC),28.64282,77.17714
MPLAD-DE-2025-1333,Delhi,West Delhi,Gautam Gambhir,Construction of outpatient department (OPD) extension hall in community hospital in West Delhi,Public Health (Hospitals/Clinics),2900000,2900000,2025-02-08,Completed,100,MCD West Division,Metro Urban Projects,General,28.69729,77.16915
MPLAD-DE-2024-1334,Delhi,New Delhi,Harsh Vardhan,Renovation of community sports stadium changing rooms and facility block in New Delhi,Sports Infrastructure (Playgrounds/Gyms),3000000,3000000,2024-12-30,Completed,100,Delhi Jal Board,Vardhan Infrastructure & Sons,General,28.48243,77.06915
MPLAD-DE-2024-1335,Delhi,South Delhi,Gautam Gambhir,Provision of mobile medical health unit vehicle with essential diagnostic tools in South Delhi,Public Health (Hospitals/Clinics),2100000,2100000,2024-04-03,Completed,100,MCD South Division,Global Contracting & Co.,General,28.71991,77.29163
MPLAD-DE-2026-1336,Delhi,East Delhi,Manoj Kumar,Construction of CC road and brick pavement linking main highway to village in East Delhi,"Roads, Pathways & Bridges",3500000,2100000,2026-03-15,In Progress,16,MCD South Division,Pioneer Engineering,General,28.56648,77.0606
MPLAD-DE-2026-1337,Delhi,East Delhi,Meenakshi Lekhi,Provision of science laboratory equipment and student seating benches in East Delhi,Education (School infrastructure/Libraries),3500000,3500000,2026-01-30,Completed,100,MCD South Division,Metro Urban Projects,Scheduled Caste (SC),28.54006,77.101
MPLAD-DE-2024-1338,Delhi,East Delhi,Meenakshi Lekhi,Procurement of automated solid waste collection vehicles for municipality in East Delhi,Sanitation & Public Health,1400000,1400000,2024-11-11,Completed,100,MCD South Division,Metro Urban Projects,General,28.67888,77.10492
MPLAD-DE-2025-1339,Delhi,South Delhi,Harsh Vardhan,Supply and installation of open-air gymnasium equipment in public park in South Delhi,Sports Infrastructure (Playgrounds/Gyms),1900000,1900000,2025-10-09,Completed,100,MCD North Division,Balaji Enterprises,General,28.52817,77.13822
MPLAD-DE-2026-1340,Delhi,New Delhi,Manoj Kumar,Procurement of automated solid waste collection vehicles for municipality in New Delhi,Sanitation & Public Health,1600000,640000,2026-03-21,Sanctioned but not started,0,NDMC,Sai Ram Constructions,General,28.57393,77.31125
MPLAD-DE-2025-1341,Delhi,North Delhi,Meenakshi Lekhi,Provision of sports equipment and fitness kits for youth community center in North Delhi,Sports Infrastructure (Playgrounds/Gyms),2800000,2240000,2025-12-24,In Progress,50,MCD North Division,Dynamic Construction Corp,General,28.68368,77.19627
MPLAD-DE-2024-1342,Delhi,North Delhi,Gautam Gambhir,Extension of water pipeline networks in uncovered slums in North Delhi,Drinking Water Facility,900000,540000,2024-08-02,In Progress,70,NDMC,Apex Infrastructure,General,28.48882,77.18011
MPLAD-DE-2023-1343,Delhi,West Delhi,Manoj Kumar,Construction of concrete boundary wall around central public burial ground in West Delhi,Community Assets (Halls/Shelters),1500000,1500000,2023-08-17,Completed,100,MCD West Division,Global Contracting & Co.,General,28.6692,77.33502
MPLAD-DE-2024-1344,Delhi,South Delhi,Sanjay Singh,Installation of high-capacity borewell with dual pump in rural habitations in South Delhi,Drinking Water Facility,1500000,900000,2024-10-22,In Progress,82,MCD North Division,Dynamic Construction Corp,General,28.48081,77.201
MPLAD-DE-2025-1345,Delhi,South Delhi,Meenakshi Lekhi,Supply and installation of RO drinking water purification plant in public spaces in South Delhi,Drinking Water Facility,900000,900000,2025-12-20,Completed,100,NDMC,Pioneer Engineering,General,28.71639,77.34864
MPLAD-DE-2025-1346,Delhi,South Delhi,Manoj Kumar,Establishment of digital computer lab with 15 workstations in public school in South Delhi,Education (School infrastructure/Libraries),4500000,1800000,2025-09-04,In Progress,44,MCD South Division,Siddharth Construction Group,General,28.74546,77.11336
MPLAD-DE-2023-1347,Delhi,New Delhi,Sanjay Singh,Construction of CC road and brick pavement linking main highway to village in New Delhi,"Roads, Pathways & Bridges",2600000,2600000,2023-08-16,Completed,100,Delhi Jal Board,Vardhan Infrastructure & Sons,General,28.52674,77.21042
MPLAD-DE-2024-1348,Delhi,New Delhi,Sanjay Singh,Construction of community toilet block for women and children in New Delhi,Sanitation & Public Health,1100000,1100000,2024-01-24,Completed,100,NDMC,Elite Infrastructure Group,General,28.56408,77.21418
MPLAD-DE-2023-1349,Delhi,West Delhi,Meenakshi Lekhi,Supply and installation of RO drinking water purification plant in public spaces in West Delhi,Drinking Water Facility,1100000,1100000,2023-12-24,Completed,100,MCD North Division,Metro Urban Projects,General,28.53099,77.23169
MPLAD-DE-2024-1350,Delhi,North Delhi,Manoj Kumar,Construction of concrete storm water drain and sewage channel in North Delhi,Sanitation & Public Health,1300000,1300000,2024-01-04,Completed,100,NDMC,Global Contracting & Co.,General,28.6327,77.28339
MPLAD-DE-2023-1351,Delhi,East Delhi,Meenakshi Lekhi,Setting up of centralized solar micro-grid for rural electrification in East Delhi,Non-conventional Energy (Solar lights),700000,700000,2023-08-20,Completed,100,MCD South Division,Elite Infrastructure Group,General,28.72311,77.25646
MPLAD-DE-2023-1352,Delhi,West Delhi,Gautam Gambhir,Installation of high-capacity borewell with dual pump in rural habitations in West Delhi,Drinking Water Facility,1500000,600000,2023-11-30,In Progress,91,MCD North Division,Apex Infrastructure,Scheduled Caste (SC),28.68386,77.07251
MPLAD-DE-2026-1353,Delhi,New Delhi,Gautam Gambhir,Development of shaded public resting park with seating benches and pathways in New Delhi,Community Assets (Halls/Shelters),2300000,920000,2026-01-06,In Progress,36,MCD North Division,A-1 Builders Ltd,General,28.70567,77.15806
MPLAD-DE-2024-1354,Delhi,South Delhi,Manoj Kumar,Construction of community toilet block for women and children in South Delhi,Sanitation & Public Health,1000000,1000000,2024-03-10,Completed,100,NDMC,Vardhan Infrastructure & Sons,General,28.50115,77.15726
MPLAD-DE-2024-1355,Delhi,West Delhi,Sanjay Singh,Construction of concrete storm water drain and sewage channel in West Delhi,Sanitation & Public Health,2000000,1200000,2024-06-09,In Progress,85,MCD South Division,Elite Infrastructure Group,General,28.53155,77.16571
MPLAD-DE-2024-1356,Delhi,West Delhi,Manoj Kumar,Provision of modern bio-toilets in public high school premises in West Delhi,Sanitation & Public Health,1100000,880000,2024-04-22,In Progress,86,MCD North Division,Elite Infrastructure Group,General,28.69068,77.25352
MPLAD-DE-2024-1357,Delhi,North Delhi,Sanjay Singh,Renovation of community sports stadium changing rooms and facility block in North Delhi,Sports Infrastructure (Playgrounds/Gyms),1000000,1000000,2024-02-23,Completed,100,MCD West Division,Elite Infrastructure Group,General,28.48388,77.17339
MPLAD-DE-2024-1358,Delhi,New Delhi,Harsh Vardhan,Development of public sports playground with jogging track and fencing in New Delhi,Sports Infrastructure (Playgrounds/Gyms),2600000,2600000,2024-09-01,Completed,100,MCD South Division,Balaji Enterprises,General,28.60573,77.25647
MPLAD-DE-2025-1359,Delhi,East Delhi,Harsh Vardhan,Repair and renovation of boundary wall and roofing of government primary school in East Delhi,Education (School infrastructure/Libraries),2600000,2080000,2025-07-28,In Progress,95,MCD West Division,A-1 Builders Ltd,Scheduled Tribe (ST),28.45349,77.33031
MPLAD-DE-2026-1360,Delhi,East Delhi,Manoj Kumar,Construction of CC road and brick pavement linking main highway to village in East Delhi,"Roads, Pathways & Bridges",3900000,3900000,2026-03-03,Completed,100,MCD West Division,Global Contracting & Co.,General,28.54927,77.13345
MPLAD-DE-2024-1361,Delhi,East Delhi,Meenakshi Lekhi,Installation of hybrid solar lighting systems in government office compounds in East Delhi,Non-conventional Energy (Solar lights),1800000,1080000,2024-09-24,In Progress,89,Delhi Jal Board,Om Shanti Developers,General,28.58443,77.30698
MPLAD-DE-2025-1362,Delhi,West Delhi,Gautam Gambhir,Construction of multipurpose community hall for public social functions in West Delhi,Community Assets (Halls/Shelters),1800000,1800000,2025-09-04,Completed,100,NDMC,A-1 Builders Ltd,General,28.61714,77.05005
MPLAD-DE-2024-1363,Delhi,New Delhi,Sanjay Singh,Renovation and upgradation of pediatric ward in district hospital in New Delhi,Public Health (Hospitals/Clinics),3200000,3200000,2024-07-28,Completed,100,Delhi Jal Board,Vardhan Infrastructure & Sons,General,28.58686,77.15226
MPLAD-DE-2026-1364,Delhi,New Delhi,Meenakshi Lekhi,Renovation of community sports stadium changing rooms and facility block in New Delhi,Sports Infrastructure (Playgrounds/Gyms),2900000,2900000,2026-01-24,Completed,100,MCD West Division,Siddharth Construction Group,General,28.58576,77.07923
MPLAD-DE-2026-1365,Delhi,North Delhi,Harsh Vardhan,Construction of concrete basketball court with standard seating gallery in North Delhi,Sports Infrastructure (Playgrounds/Gyms),2700000,1080000,2026-05-05,In Progress,6,MCD South Division,Dynamic Construction Corp,Scheduled Tribe (ST),28.59773,77.29655
MPLAD-DE-2025-1366,Delhi,West Delhi,Harsh Vardhan,Establishment of digital computer lab with 15 workstations in public school in West Delhi,Education (School infrastructure/Libraries),1800000,720000,2025-08-13,In Progress,89,MCD South Division,Siddharth Construction Group,General,28.55138,77.27714
MPLAD-DE-2026-1367,Delhi,New Delhi,Sanjay Singh,Construction of concrete boundary wall around central public burial ground in New Delhi,Community Assets (Halls/Shelters),3600000,0,2026-03-29,Sanctioned but not started,0,NDMC,Metro Urban Projects,Scheduled Tribe (ST),28.67086,77.21597
MPLAD-DE-2024-1368,Delhi,West Delhi,Sanjay Singh,Metalling and resurfacing of approach road to agriculture cooperative market in West Delhi,"Roads, Pathways & Bridges",2000000,1600000,2024-02-18,In Progress,84,MCD West Division,Om Shanti Developers,Scheduled Caste (SC),28.63185,77.14655
MPLAD-DE-2025-1369,Delhi,West Delhi,Manoj Kumar,Construction of library building and provision of educational furniture in West Delhi,Education (School infrastructure/Libraries),2700000,2700000,2025-05-03,Completed,100,Delhi Jal Board,Elite Infrastructure Group,General,28.69144,77.09145
MPLAD-DE-2024-1370,Delhi,East Delhi,Sanjay Singh,Renovation of community sports stadium changing rooms and facility block in East Delhi,Sports Infrastructure (Playgrounds/Gyms),3000000,2400000,2024-08-19,In Progress,73,MCD South Division,Siddharth Construction Group,General,28.53717,77.15359
MPLAD-DE-2026-1371,Delhi,North Delhi,Meenakshi Lekhi,Development of public sports playground with jogging track and fencing in North Delhi,Sports Infrastructure (Playgrounds/Gyms),2100000,2100000,2026-02-08,Completed,100,Delhi Jal Board,Vardhan Infrastructure & Sons,General,28.67436,77.30242
MPLAD-DE-2024-1372,Delhi,South Delhi,Manoj Kumar,Construction of community toilet block for women and children in South Delhi,Sanitation & Public Health,2200000,880000,2024-03-24,In Progress,63,NDMC,Sai Ram Constructions,General,28.67506,77.09828
MPLAD-MH-2023-1373,Maharashtra,Pune,Prakash Patil,Procurement and supply of critical care medical equipment for primary health center in rural Pune,Public Health (Hospitals/Clinics),45000000,45000000,2023-09-12,Completed,100,PWD Pune Division,Dynamic Construction Corp,General,18.5204,73.8567
MPLAD-TN-2024-1374,Tamil Nadu,Chennai,K. Srinivasan,Supply and installation of integrated solar-powered LED street lights in dark spots in Chennai,Non-conventional Energy (Solar lights),28000000,28000000,2024-02-28,Completed,100,Greater Chennai Corporation,Vardhan Infrastructure & Sons,General,13.0827,80.2707
MPLAD-UP-2024-1375,Uttar Pradesh,Lucknow,Rajesh Singh,Construction of CC road and brick pavement linking main highway to village under Kakori sector,"Roads, Pathways & Bridges",3500000,3500000,2024-03-15,Completed,100,Lucknow Development Authority,Om Shanti Developers,Scheduled Caste (SC),26.8467,80.9462
MPLAD-UP-2024-1376,Uttar Pradesh,Lucknow,Rajesh Singh,"Construction of cement concrete road and brick pavement linking highway to village, Kakori sector","Roads, Pathways & Bridges",3300000,2640000,2024-05-10,In Progress,80,Lucknow Development Authority,Siddharth Construction Group,Scheduled Caste (SC),26.8465,80.9462
MPLAD-DL-2024-1377,Delhi,South Delhi,Gautam Gambhir,Provisioning of 500L drinking water tank in public primary school in Saket Sector-2,Drinking Water Facility,800000,800000,2024-06-18,Completed,100,MCD South Division,Global Contracting & Co.,General,28.5244,77.2066
MPLAD-DL-2024-1378,Delhi,South Delhi,Gautam Gambhir,Supply and installation of 500 Liters drinking water tank at public school Saket Sec 2,Drinking Water Facility,820000,820000,2024-07-02,Completed,100,MCD South Division,Global Contracting & Co.,General,28.5244,77.2066
MPLAD-MH-2023-1379,Maharashtra,Mumbai Suburban,Sanjay Shinde,Upgradation of pediatric ward in secondary healthcare hospital and trauma center,Public Health (Hospitals/Clinics),18000000,15000000,2023-08-10,Sanctioned but not started,0,MHADA,Apex Infrastructure,General,19.076,72.8777
MPLAD-UP-2025-1380,Uttar Pradesh,Varanasi,Vipin Mishra,Construction of concrete pathway and marble boundary walls for local Hindu Temple complex,Community Assets (Halls/Shelters),4500000,2250000,2025-01-20,In Progress,50,Varanasi Municipal Corporation,Sai Ram Constructions,General,25.3176,82.9739
MPLAD-TN-2025-1381,Tamil Nadu,Coimbatore,M. K. Anbazhagan,Construction of private compound wall and entrance archway for Elite Cooperative Housing Society residents,Community Assets (Halls/Shelters),2500000,2500000,2025-04-12,Completed,100,Coimbatore Municipal Corporation,Elite Infrastructure Group,General,11.0168,76.9558
MPLAD-MH-2024-1382,Maharashtra,Nagpur,Sunita Deshmukh,"Routine white-washing, painting, and administrative office stationeries procurement for district collector office building","Roads, Pathways & Bridges",1500000,1500000,2024-11-05,Completed,100,Nagpur Municipal Corporation,Balaji Enterprises,General,21.1458,79.0882
MPLAD-TN-2025-COLL-1383,Tamil Nadu,Chennai,K. Srinivasan,"Construction of modular public toilet block unit 1 at slum habitation zone, North Chennai",Sanitation & Public Health,1200000,1200000,2025-02-10,Completed,100,Greater Chennai Corporation,Vardhan Infrastructure & Sons,Scheduled Caste (SC),13.09,80.28
MPLAD-TN-2025-COLL-1384,Tamil Nadu,Chennai,K. Srinivasan,"Construction of modular public toilet block unit 2 at slum habitation zone, North Chennai",Sanitation & Public Health,1200000,600000,2025-02-11,In Progress,50,Greater Chennai Corporation,Vardhan Infrastructure & Sons,General,13.0915,80.2812
MPLAD-TN-2025-COLL-1385,Tamil Nadu,Chennai,K. Srinivasan,"Construction of modular public toilet block unit 3 at slum habitation zone, North Chennai",Sanitation & Public Health,1200000,1200000,2025-02-12,Completed,100,Greater Chennai Corporation,Vardhan Infrastructure & Sons,General,13.093,80.2824
MPLAD-TN-2025-COLL-1386,Tamil Nadu,Chennai,K. Srinivasan,"Construction of modular public toilet block unit 4 at slum habitation zone, North Chennai",Sanitation & Public Health,1200000,600000,2025-02-13,In Progress,50,Greater Chennai Corporation,Vardhan Infrastructure & Sons,Scheduled Caste (SC),13.0945,80.2836
MPLAD-TN-2025-COLL-1387,Tamil Nadu,Chennai,K. Srinivasan,"Construction of modular public toilet block unit 5 at slum habitation zone, North Chennai",Sanitation & Public Health,1200000,1200000,2025-02-14,Completed,100,Greater Chennai Corporation,Vardhan Infrastructure & Sons,General,13.096,80.2848
MPLAD-TN-2025-COLL-1388,Tamil Nadu,Chennai,K. Srinivasan,"Construction of modular public toilet block unit 6 at slum habitation zone, North Chennai",Sanitation & Public Health,1200000,600000,2025-02-15,In Progress,50,Greater Chennai Corporation,Vardhan Infrastructure & Sons,General,13.0975,80.286
MPLAD-TN-2025-COLL-1389,Tamil Nadu,Chennai,K. Srinivasan,"Construction of modular public toilet block unit 7 at slum habitation zone, North Chennai",Sanitation & Public Health,1200000,1200000,2025-02-16,Completed,100,Greater Chennai Corporation,Vardhan Infrastructure & Sons,Scheduled Caste (SC),13.099,80.2872
MPLAD-TN-2025-COLL-1390,Tamil Nadu,Chennai,K. Srinivasan,"Construction of modular public toilet block unit 8 at slum habitation zone, North Chennai",Sanitation & Public Health,1200000,600000,2025-02-17,In Progress,50,Greater Chennai Corporation,Vardhan Infrastructure & Sons,General,13.1005,80.2884
MPLAD-TN-2025-COLL-1391,Tamil Nadu,Chennai,K. Srinivasan,"Construction of modular public toilet block unit 9 at slum habitation zone, North Chennai",Sanitation & Public Health,1200000,1200000,2025-02-18,Completed,100,Greater Chennai Corporation,Vardhan Infrastructure & Sons,General,13.102,80.28960000000001
MPLAD-TN-2025-COLL-1392,Tamil Nadu,Chennai,K. Srinivasan,"Construction of modular public toilet block unit 10 at slum habitation zone, North Chennai",Sanitation & Public Health,1200000,600000,2025-02-19,In Progress,50,Greater Chennai Corporation,Vardhan Infrastructure & Sons,Scheduled Caste (SC),13.1035,80.2908
MPLAD-TN-2025-COLL-1393,Tamil Nadu,Chennai,K. Srinivasan,"Construction of modular public toilet block unit 11 at slum habitation zone, North Chennai",Sanitation & Public Health,1200000,1200000,2025-02-20,Completed,100,Greater Chennai Corporation,Vardhan Infrastructure & Sons,General,13.105,80.292
MPLAD-TN-2025-COLL-1394,Tamil Nadu,Chennai,K. Srinivasan,"Construction of modular public toilet block unit 12 at slum habitation zone, North Chennai",Sanitation & Public Health,1200000,600000,2025-02-21,In Progress,50,Greater Chennai Corporation,Vardhan Infrastructure & Sons,General,13.1065,80.2932
MPLAD-DL-2025-VIOL-1395,Delhi,East Delhi,Sanjay Singh,"Installation of hybrid solar street lighting system and light masts in Ward 1, East Delhi area",Non-conventional Energy (Solar lights),4000000,4000000,2025-03-15,Completed,100,Delhi Jal Board,Metro Urban Projects,General,28.628,77.2784
MPLAD-DL-2025-VIOL-1396,Delhi,East Delhi,Sanjay Singh,"Installation of hybrid solar street lighting system and light masts in Ward 2, East Delhi area",Non-conventional Energy (Solar lights),4000000,4000000,2025-03-16,Completed,100,Delhi Jal Board,Metro Urban Projects,General,28.633,77.2834
MPLAD-DL-2025-VIOL-1397,Delhi,East Delhi,Sanjay Singh,"Installation of hybrid solar street lighting system and light masts in Ward 3, East Delhi area",Non-conventional Energy (Solar lights),4000000,4000000,2025-03-17,Completed,100,Delhi Jal Board,Metro Urban Projects,General,28.638,77.28840000000001
MPLAD-DL-2025-VIOL-1398,Delhi,East Delhi,Sanjay Singh,"Installation of hybrid solar street lighting system and light masts in Ward 4, East Delhi area",Non-conventional Energy (Solar lights),4000000,4000000,2025-03-18,Completed,100,Delhi Jal Board,Metro Urban Projects,General,28.643,77.2934
MPLAD-DL-2025-VIOL-1399,Delhi,East Delhi,Sanjay Singh,"Installation of hybrid solar street lighting system and light masts in Ward 5, East Delhi area",Non-conventional Energy (Solar lights),4000000,4000000,2025-03-19,Completed,100,Delhi Jal Board,Metro Urban Projects,General,28.648,77.2984
MPLAD-DL-2025-VIOL-1400,Delhi,East Delhi,Sanjay Singh,"Installation of hybrid solar street lighting system and light masts in Ward 6, East Delhi area",Non-conventional Energy (Solar lights),4000000,4000000,2025-03-20,Completed,100,Delhi Jal Board,Metro Urban Projects,General,28.653,77.30340000000001
MPLAD-DL-2025-VIOL-1401,Delhi,East Delhi,Sanjay Singh,"Installation of hybrid solar street lighting system and light masts in Ward 7, East Delhi area",Non-conventional Energy (Solar lights),4000000,4000000,2025-03-21,Completed,100,Delhi Jal Board,Metro Urban Projects,General,28.658,77.3084
MPLAD-DL-2025-VIOL-1402,Delhi,East Delhi,Sanjay Singh,"Installation of hybrid solar street lighting system and light masts in Ward 8, East Delhi area",Non-conventional Energy (Solar lights),4000000,4000000,2025-03-22,Completed,100,Delhi Jal Board,Metro Urban Projects,General,28.663,77.3134
